ticket_id,assigned_team,transfers,new_category,confident,customer_message
TK-240001,Chat Frontline,0,Audio Quality,Y,hi people cannot hear me on calls
TK-240004,Voice Frontline,0,Other,N,[IVR transcript] does the airlite buds work with iphone - vr902030 - please call me on my registered number
TK-240031,Email Frontline,0,Other,N,"right side works perfectly, left one just does not wake up, please resolve asap"
TK-240048,Email Frontline,1,Other,N,honetly regretting this purchase. got airlite earbuds from vireo.in last week. entered wrong pincode. i already tried editing in app. escalate this to someone senior.
TK-240049,Chat Frontline,0,Audio Quality,Y,Honestly regretting this purchase. I bought the Pulse buds on 03/12. distorted audio at high volume. I already tried wired mode. Escalate this to someone senior.
TK-240060,Chat Frontline,0,Other,N,"To the Vireo Customer Care Team,  I am writing with reference to my order of Arc neckband (VR880618) placed on 03-01-2025.  My son ordered this without asking, please reverse. I have tried cancel butt"
TK-240064,Chat Frontline,0,Other,N,want to canecl my order. please advise
TK-240068,Chat Frontline,0,Other,N,hi does my nexa fit band work with iphone urgent
TK-240075,Email Frontline,0,Delivery & Shipping,Y,"not acceptable at this price. ordered 65w charger 2 weeks ago. it has been 14 days and i have nothing in hand. i already called the courier. i want a replacement or refund, nothing else."
TK-240076,Email Frontline,0,Other,N,"TEAM, WANT TO CACNEL MY ORDER ITNA PAISA DIYA HAI NEXA FIT HELP"
TK-240082,Voice Frontline,0,Other,N,"[IVR transcript] team, my dad has an old nokia, wll the watch app run itna paisa diya hai pulse earbuds kindly do the needful"
TK-240101,Chat Frontline,0,Delivery & Shipping,Y,"hi sir change of mind, please stop the shipment itna paisa diya hai my strata 3 headphones vr889579 help"
TK-240102,Chat Frontline,0,Other,N,"Dear Sir/Madam,  I am writing with reference to my order of pulse 1 placed on December 30. Payment was deducted but no order was created. I have tried logging out and in. I request you to process a re"
TK-240130,Chat Frontline,1,Other,N,"Product: Nexa Fit Order: VR905963 Purchased: 03-01-2025 Issue: please cancel, ordered by mistake Tried: tried cancel button, greyed out Expected: fix"
TK-240132,Email Frontline,0,Delivery & Shipping,Y,Product: Pulse earbuds Purchased: 28-12-2024 Issue: tracking has said out for delivery for a week now Tried: checked the tracking page daily Expected: fix
TK-240133,Voice Frontline,0,Warranty & Repair,Y,"hey, order vr909273 (the strata 3). the promised 24 hours is nowhere close, i get maybe 2. i fully charged and discharged twice. waiting for ur reply. please reert geeta sharma"
TK-240137,Email Frontline,0,Other,N,"hi there, this is regarding pulse earbuds.  cancel order. i tried cancel button, greyed out. nothing changed. very poor quality. how do i get this fixed? thanks & regards varun sethi"
TK-240150,Chat Frontline,0,Other,N,"Hi there, I bought Orbit speaker on 04 Jan. I moved houses yesterday and the order is going to the old flat. Please call me on my registered number. Regards,"
TK-240154,Voice Frontline,0,Product Enquiry,Y,[IVR transcript] i have been a loyal cuustomer and this is how you treaat me. i bought the neckband on jauary 19. before i buy - wlil this talk to a 2019 samsung. this is the last time i buy from you
TK-240169,Chat Frontline,1,Other,N,"i have been a loyal customre & this is how you tret me.  i bought my pulse on 12 jan. want to cancel my order. i already tried cancel button, greyed out. i want a replacement or refund, nothing else."
TK-240174,Voice Frontline,0,Delivery & Shipping,Y,"I haven't received my order, VR892432, please help"
TK-240180,Voice Frontline,0,Other,N,[IVR transcript] hi cancel order 
TK-240183,Email Frontline,0,Delivery & Shipping,Y,"Hi there, Bought my Orbit around January 04 from Amazon. Change of mind, pleasse stop the shipment. Please help. Regards Ritika"
TK-240193,Chat Frontline,0,Other,N,product: my nexa order: vr883231 purchased: 06/01 issue: will this survive a shower expected: resolution
TK-240201,Chat Frontline,0,Other,N,"Product: my Strata 3 headphones Purchased: January 06 Issue: cancel order  Tried: tried cancel button, greyed out Expected: replacement"
TK-240204,Voice Frontline,0,Other,N,"Really frustrating. Bought Pulse earbuds around January 07 from vireo.in. please cancel, ordered by mistake. I already tried cancel button, greyed out. I WANT A REPLACEMENT OR REFUND, NOTHING ELSE."
TK-240205,Email Frontline,2,Other,N,"hey ordered the wrong colour, don't ship it kindly do the needful"
TK-240221,Chat Frontline,0,Other,N,"please cancel, ordered by mistake"
TK-240224,Email Frontline,0,Delivery & Shipping,Y,product: my orbit order: vr901385 purchased: january 11 issue: my order has not been delivered yet tried: checked the tracking page daily expected: replacement
TK-240237,Chat Frontline,0,Product Enquiry,Y,"Hi team, Order VR899341 (Orbit speaker). Before I buy - will this talk to a 2019 Samsung. Pathetic experience honestly. What do I do now? Thanks"
TK-240243,Voice Frontline,0,Warranty & Repair,Y,"[IVR transcript] i am losing patience. bought my arc around 16 oct from vireo.in. service centre took it, now silence. i already called service centre. escalate this to someone senior."
TK-240250,Chat Frontline,0,Connectivity,Y,bluetooth pairing fails every time
TK-240251,Chat Frontline,0,Other,N,entered wrong pincode
TK-240274,Email Frontline,0,Product Enquiry,Y,product: 65w charger order: vr895643 purchased: 19-01-2025 issue: is 65w charger compatible with my tv expected: replacement
TK-240288,Email Frontline,0,Other,N,"hello vireo, ordered my arc around diwali.  sounds like a badly tuned radio now. i tried wired mode. nothing changed. honestly regretting this purchase. please call me on my registered number. regards"
TK-240294,Email Frontline,0,Delivery & Shipping,Y,"hi, bought pulse 1 around 23/01 from vireo.in. i haven't received my order. i checked with neighbours. how do i get this fixed? please revert rohit"
TK-240300,Email Frontline,0,Delivery & Shipping,Y,"Hi, Bought airlite earbuds around January 14 from vireo.in. Change of mind, please stop the shipment. Waiting for your reply. Thanks in advance Pooja"
TK-240309,Voice Frontline,0,Other,N,[IVR transcript] sounds like a badyl tuned radiio now kindly lok into it
TK-240312,Email Frontline,0,Delivery & Shipping,Y,"I bought pulse 1 on January 16. Change of mind, please stop the shipment. What do I do now?"
TK-240316,Chat Frontline,0,Other,N,"to the vireo cuustomer care team,  i am writing with reference to my order of the neckband (vr902416) placed on 19/01. need to change delivery adress. i have tried editing in app. i request you to pro"
TK-240317,Chat Frontline,0,Delivery & Shipping,Y,Product: my Nexa Fit band Order: VR882829 Purchased: 18 Jan Issue: I haven't received my order Tried: checked with neighbours Expected: callback
TK-240325,Chat Frontline,0,Other,N,"To the Vireo Customer Care Team,  I am writing with reference to my order of the AirLite bus (VR882369) placed on 23/10. It goes silent for a secoond evrey few minutes and comes back. I have kept phon"
TK-240335,Email Frontline,0,Returns & Refunds,Y,"Hi there, I bought the AirLite buds on 17 Jan.  Cancel order. I tried cancel button, greyed out. Nothing changed. I want my money back"
TK-240346,Email Frontline,0,Other,N,"right side works perfectly, left one just does not wake up"
TK-240347,Chat Frontline,0,Delivery & Shipping,Y,update my shipping address - VR909545
TK-240353,Chat Frontline,0,Delivery & Shipping,Y,this is very disappointing.  order vr889579 (strata 3). need to change delivery address. i already tried editing in app. this is the last time i buy from you
TK-240358,Voice Frontline,0,Other,N,"HELLO, I BOUGHT THE NEXA 2 ON 25 JAN. Entered wrong pincode. I tried editing in app. Please resolve asap. Tanks"
TK-240367,Chat Frontline,0,Billing & Payments,Y,"hi team, order vr893731 (pulse 1). upi shows success, your app shows nothing. i tride logging out and in. nothing changed. please advise. please revert, manish singh"
TK-240376,Voice Frontline,0,Other,N,does my Oribt work with iPhone
TK-240379,Email Frontline,0,Billing & Payments,Y,"helo paid via upi, amount deducted, no order confirmation the nexa 2"
TK-240405,Voice Frontline,0,Other,N,"Pathetic experience honestly. I bought the strata 3 on 21 Jan. cancel order VR903589. I already tried cancel button, greyed out. This is the last time I buy from you"
TK-240408,Email Frontline,0,Other,N,"This is very disappointing.  This is regarding my Nexa 2 watch. please cancel, ordered by mistake. I already tried cancel button, greyed out. Refund. Now."
TK-240419,Voice Frontline,0,App & Firmware,Y,[IVR transcript] app not opening after update
TK-240428,Chat Frontline,0,Connectivity,Y,"Namaste, I bought Strata 3 on 04-01-2025. Cannot pair Strata 3 with my laptop. I restarted the phone. Nothing changed. This is v disappointing. Please advise"
TK-240432,Email Frontline,0,Other,N,"hello please cancel, ordered by mistake pulse earbuds vr890960 urgent"
TK-240441,Email Frontline,1,Other,N,Product: pulse 1 Order: VR882012 Purchased: February 04 Issue: payment went throuhg but I got no oredr id Tried: tried logging out and in Expected: refund
TK-240448,Chat Frontline,0,Warranty & Repair,Y,Not what I expected from Vireo. Ordered the AirLite buds around Diwali. what is the status of my warranty claim. I already emailed twice. Refund. Now
TK-240452,Email Frontline,0,Delivery & Shipping,Y,Product: Nexa 2 Purchased: 25/01 Issue: update my shipping address Tried: tried editing in app Expected: callback
TK-240454,Voice Frontline,0,Product Enquiry,Y,"[IVR transcript] hi vireo support, ordered strata 2 last week.  is strata 2 compatible with my tv. i am losing patience. can someone fix this? thanks in advance tenzin malhotra"
TK-240457,Email Frontline,0,Other,N,"Not acceptable at this price. Got 65W charger from vireo.in last month. want to cancel my order. I already tried canccel button, greyed out. Escalate this to someone senior."
TK-240466,Chat Frontline,0,Other,N,hii cancel order vr900889 the nexa 2 vr900889 help
TK-240470,Email Frontline,0,Other,N,cancel order 
TK-240476,Chat Frontline,0,Other,N,Product: AirLite Order: VR900643 Purchased: 25 Jan Issue: payment went through but I got no order id Tried: watied 24 hours Expected: fix
TK-240478,Email Frontline,0,Other,N,"Dear Sir/Madam,  I am writing with reference to my order of the fit band placed on February 01. I moved houses yesterday and the order is going to the old flat. I have tried editing in app. I request "
TK-240495,Email Frontline,0,Delivery & Shipping,Y,Product: my Pulse Purchased: 27/01 Issue: need to change delivery address Tried: tried editing in app Expected: resolution
TK-240504,Chat Frontline,0,Other,N,product: bradied cable order: vr881879 purchased: february 05 issue: entered wrong pincode tried: tried editing in app expected: replacement
TK-240515,Chat Frontline,0,Other,N,"Product: Nexa Fit Purchased: 08-02-2025 Issue: cancel order  Tried: tried cancel button, greyed out Expected: resolution"
TK-240518,Email Frontline,2,Other,N,"ordered the wrong colour, don't ship it, kindly look into it"
TK-240521,Chat Frontline,0,Connectivity,Y,connection drops constantly - VR899627
TK-240526,Voice Frontline,0,Other,N,[IVR transcript] payment was deducted but no order was created - vr883280 - can someone fix this?
TK-240529,Email Frontline,0,Delivery & Shipping,Y,Not what I expected from Vireo. Bought AirLite around 01/02 from Amazon. update my shipping address. I already tried editing in app. Fix this or I am posting on twitter.
TK-240532,Chat Frontline,0,Other,N,"Order VR884918 (65W charger). Order status stuck on shipped since 13 May. I checked with neighbours. Please call me on my registered number. Thanks in advance,"
TK-240537,Chat Frontline,0,Other,N,"product: the nexa 2 order: vr907773 purchased: february 08 issue: orderde the wrong colour, don't ship it tried: tride cancel button, greyed out expected: fix"
TK-240543,Email Frontline,0,Other,N,"please cancel, ordered by mistake vr885304 please advise"
TK-240547,Email Frontline,0,Other,N,"Namaste, This is regarding my Strata 3 headphones. I was promisd a discount on the call, inovice shows none. I tried in caps. Please advise. Thank you, Amit Singh"
TK-240550,Chat Frontline,0,Delivery & Shipping,Y,"Product: the strata 3 Purchased: 04/02 Issue: typo in the flat number, courier will never find it Tried: tried editing in app Expected: replacement"
TK-240559,Voice Frontline,0,Delivery & Shipping,Y,[IVR transcript] Honestly regretting thsi purchase. Bought my Strata 2 headphones around 02/02 from vireo.in. update my shipping adress. I alreayd tried editing in app. This is the last timme I buy fr
TK-240568,Email Frontline,0,Other,N,"Hi there, This is regarding Nexa Fit. Does Nexa Fit work with iPhone. How do I get this fixed? Thank you,"
TK-240573,Email Frontline,0,Other,N,"Pathetic experience honestly.  Order VR881973 (pulse 1). ordered the wrong colour, don't ship it. I already tried cancel button, greyed out. I want a replacement or refund, nothing else."
TK-240574,Chat Frontline,0,Other,N,"Hi Vrieo support, Nexa 2 purchased in February, oredr VR888398.  Cancel order VR888398. Waiting for your reply. Thanks, Karan Menon"
TK-240577,Email Frontline,0,Delivery & Shipping,Y,"team, need to change delivery address kal se pls reply"
TK-240590,Email Frontline,0,Other,N,"pleasse cancel, ordered by mistake"
TK-240593,Voice Frontline,0,Other,N,discount was not applied at checkout. pls advise
TK-240598,Chat Frontline,1,Other,N,Product: Nexa 2 Order: VR886782 Purchased: 09/02 Issue: entered wrong pincode Tried: tried editing in app Expected: fix
TK-240601,Chat Frontline,0,Billing & Payments,Y,double payment deducted vr894599
TK-240604,Voice Frontline,0,Account & Login,Y,"cannot login to my account, vr895356, please help"
TK-240631,Chat Frontline,0,Other,N,"Order VR892999 (the strata 3). Please cancel, ordered by mistake. I tried cancel button, greyed out. I want a replacement. Please revert, Ishaan Siddiqui"
TK-240644,Email Frontline,0,Delivery & Shipping,Y,"dear team, got the pulse buds from amazon around diwali.  update my shipping address. i tried editing in app. please advise."
TK-240646,Chat Frontline,1,Other,N,"Product: Nexa Fit Order: VR890324 Purchased: 17/02 Issue: want to cancel my order Tried: tried cancel button, greyed out Expected: callback"
TK-240649,Chat Frontline,0,Billing & Payments,Y,"Hey, This is regarding my Strata 3 headphones. UPI shows success, your app shows nothing. I want a replacement. Awaiting response, Om"
TK-240651,Chat Frontline,0,Billing & Payments,Y,"dear team, ordered the pulse buds last month.  please share invoice with gst number. i checked orders page. nothing changed. please help."
TK-240659,Chat Frontline,0,Other,N,"Hi, Got airlite earbuds from vireo.in last month.  Cancel order. I tried cancel button, greyed out. Nothing changed. Plaese resollve asap."
TK-240670,Voice Frontline,0,Other,N,"[IVR transcript] hello paid on 06-02-2025, still waiting for something to show up the srata 3 hello??"
TK-240681,Chat Frontline,0,Other,N,hii i moved houss yesterday and the ordre is going to the old flat airlite
TK-240684,Chat Frontline,0,Other,N,"team, want to cancel my order pls reply"
TK-240693,Voice Frontline,0,Delivery & Shipping,Y,HI UPDATE MY SHIPPING ADDRESS
TK-240694,Chat Frontline,0,Delivery & Shipping,Y,"hello ji order not delivered, tracking not updating last wek se"
TK-240715,Voice Frontline,0,Other,N,I moved houses yesterday and the order is gong to the old flat can someone fix this?
TK-240725,Voice Frontline,0,Delivery & Shipping,Y,"[IVR transcript] heol tyo in the flat number, courier will never find it my pulse VR881697"
TK-240732,Voice Frontline,0,Delivery & Shipping,Y,[IVR transcript] need to change delivery address.  VR902157. please resolve asap
TK-240734,Email Frontline,0,Other,N,helo it has been 11 days and i have nothing in hand
TK-240737,Chat Frontline,0,Other,N,i am losing patience. this is regarding the mini speaker. does the mini speaker work w/ iphone. fix this or i am posting on twitter.
TK-240741,Email Frontline,1,Connectivity,Y,"To the Vireo Customer Care Team,  I am writing with reference to my order of the AirLite buds (VR894432) placed on 08-02-2025. Can I connect two the AirLite buds together. I request you to kindly arra"
TK-240742,Chat Frontline,0,Delivery & Shipping,Y,"helo change of mind, please stop the shipment airlite earbuds VR885157"
TK-240744,Voice Frontline,0,Warranty & Repair,Y,"Dear team, Bought the fit band around December 14 from Flipkart. WHAT IS THE STATUS OF MY WARRANTY CLAIM. What do I do now? Thank you"
TK-240747,Email Frontline,0,Other,N,"namaste, ordered orbit speaker last week. money debited but order not showing. kindly look into it. thanks & regards shreya arora"
TK-240753,Chat Frontline,0,Other,N,my company accounts team is asking for the tax bill
TK-240767,Chat Frontline,0,Product Enquiry,Y,HII IS THE ORBIT SMART SPEAKER COMPATIBLE W/ MY TV THE ORBIT SMART SPEAKER
TK-240786,Chat Frontline,0,Delivery & Shipping,Y,"change of mind, please stop the shipment - can someone fix this?"
TK-240811,Voice Frontline,0,Other,N,"Not what I expected from Vireo. Bought the AirLite buds around 15-02-2025 from Flipkart. want to cancel my order. I already tried cancel button, greyed out. Refund. Now."
TK-240828,Chat Frontline,0,Other,N,"Namaste, Ordered the Neax 2 3 weeks back. CANCEL ORDER VR885612. I TRIED CANCEL BUTTON, GREYED OUT. PLEASE CALL ME ON MY REGISTREED NUMBER."
TK-240834,Chat Frontline,0,Other,N,cancel order vr898591 - vr898591
TK-240880,Email Frontline,0,Other,N,Product: AirLite Order: VR910801 Purchased: 20 Feb Issue: the festive offer vanished when I clicked pay Tried: tried in cps Expected: resolution
TK-240881,Email Frontline,0,Other,N,"to the vireo customer care team,  i am writing with reference to my order of the fit band placed on january 06.  cancel order. i have tried cancel button, greyed out. i request you to kindly arrange a"
TK-240884,Chat Frontline,0,Delivery & Shipping,Y,"Hi there, I bought pulse 1 on February 25. It has been 16 days and I have nothing in hand. I called the courier. Nothing changed. Please help. Regards, Tenzin"
TK-240886,Chat Frontline,0,Delivery & Shipping,Y,"change of mind, pls stop the shipment. VR882068. pls advise"
TK-240928,Email Frontline,0,Other,N,hii cancel order  hello??
TK-240933,Voice Frontline,0,Other,N,[IVR transcript] Bought Strata 3 around 18/03 from vireo.in.  Will this survive a shower. Waiting for your reply. Please revert Isha Bansal
TK-240941,Chat Frontline,0,Delivery & Shipping,Y,"Hi, Ordered my Pusle 2 a month ago.  Update my shipping address. Please help. Awaiting response, Lakshmi Patel"
TK-240975,Chat Frontline,0,Warranty & Repair,Y,hello ji the strap is tearing pls help karo nexa watch vr893156 urgent
TK-240984,Voice Frontline,0,Delivery & Shipping,Y,"This is very disappointing.  Got orbit mini from Amazon a month ago. change of mind, please stop the shipment. I already tried cancel button, greyed out. Refund. Now."
TK-240991,Email Frontline,0,Delivery & Shipping,Y,"Dear Sir/Madam, Arc neckband purchased around Diwali, order VR883915. Update my shipping address. Please resolve asap. Rgds Zaid"
TK-240992,Chat Frontline,0,Other,N,"hello, got my arc from amazon around diwali. want to cancel my order. how do i get this fixed? thank you nisha patel"
TK-240993,Chat Frontline,0,Delivery & Shipping,Y,"Got Nexa Fit from vireo.in around Diwali. Order not delivered, tracking not updating. I checked the tracking page daily. Please help. Thanks, Rajat"
TK-240999,Voice Frontline,0,Other,N,"[IVR transcript] card charged two times, waiting for your reply"
TK-241015,Chat Frontline,0,Other,N,"Hello Vireo, Orbit speaker purchased 2 weeks ago, order VR899431. Please cancel, ordered by mistake. I tried cancel button, greyed out. How do I get this fixed? Thanks in advance, Steven"
TK-241034,Email Frontline,0,Delivery & Shipping,Y,"To the Vireo Customer Care Team,  I am writing with reference to my order of my Nexa 2 watch (VR887671) placed on 09 Mar.  Order not delivered, tracking not updating. I have checked the tracking page "
TK-241044,Email Frontline,1,Delivery & Shipping,Y,"Product: orbit mini Order: VR896577 Purchased: 09/03 Issue: oder not delivered, tracking not updating Tried: checked with neighbours Expected: refund"
TK-241059,Chat Frontline,0,Other,N,hi sir my phone just doesn't see it in the list anymore around Diwali se urgent
TK-241065,Chat Frontline,0,Delivery & Shipping,Y,product: my nexa order: vr899338 purchased: 15 mar issue: i haven't received my order tried: checked the tracking page daily expected: fix
TK-241073,Chat Frontline,0,Delivery & Shipping,Y,helo tracking has said out for delivery for a week now airlite hello??
TK-241097,Email Frontline,0,Other,N,goes from full to empty during one commute
TK-241098,Chat Frontline,0,Other,N,hi sir want to cancel my order please help karo
TK-241099,Chat Frontline,0,Other,N,sounds like a badly tuned radio now
TK-241101,Email Frontline,0,Delivery & Shipping,Y,"Dear Sir/Madam,  I am writing with reference to my order of Strata 3 placed on 09/03. The courier marked it delivered but nobody in my house got anything. I have checked the tracking page daily. I req"
TK-241107,Chat Frontline,0,Other,N,"Hi Vireo support, Order VR899596 (Nexa watch). Entreed wrrong pincode. I tried editing in app. Nothing changed. Kindly look into it."
TK-241113,Voice Frontline,0,Connectivity,Y,bhai two entries of rs 6499 on my statement for one pair of earbuds help
TK-241120,Email Frontline,0,Other,N,"hello vireo, ordeerd my strata 2 headphones around diwali. please cancel, ordered by mistake. how do i get this fixed? please revert amit"
TK-241138,Voice Frontline,0,Other,N,"[IVR transcript] hey paid once, statement disagrees orbit mini"
TK-241147,Chat Frontline,0,Other,N,"does my nexa 2 watch work with iphone, vr891302, need this sorted this week"
TK-241150,Chat Frontline,0,Delivery & Shipping,Y,"hi team, i bought my nexa 2 watch on march 18.  update my shipping address. i tried editing in app. kindly look into it."
TK-241159,Voice Frontline,0,Delivery & Shipping,Y,"Pathetic experience honestly. Order VR890006 (Strata 2). paid on 18-03-2025, still waiting for something to show up. I already checked the tracking page daily. I want a replacement or refund, nothing "
TK-241167,Chat Frontline,0,Warranty & Repair,Y,"Hi there, This is regarding Strata 3. Service centre took it, now silence. I called service centre. Nothing changed. Kindly look into it. Please revert, Gurpreet Bhatt"
TK-241170,Email Frontline,0,Delivery & Shipping,Y,"update my shipping address, i want my money back"
TK-241172,Chat Frontline,0,Other,N,"product: my arc order: vr888237 purchased: 20-03-2025 issue: my son ordered this withuot asking, pls reverse tried: tried cancel button, greyed out expected: resolution"
TK-241173,Voice Frontline,0,Other,N,[IVR transcript] the festive offer vanished when i clicked pay - vr884739
TK-241176,Chat Frontline,0,Billing & Payments,Y,"This is regarding orbit mini. UPI shows success, your app shows nothing. I checked bank statement. Nothing changed. I want my moeny back. Rgds"
TK-241177,Chat Frontline,1,Other,N,"hii ordered the wrong colour, don't ship it"
TK-241179,Chat Frontline,0,Returns & Refunds,Y,Oder VR891525 (my Nexa 2 watch).  Entered wrong pincode. I tried editing in app. NOTHING CHANGED. I want my money back. Thanks
TK-241187,Chat Frontline,0,Other,N,Product: orbit mini Order: VR897938 Purchased: March 11 Issue: payment was deducted but no order was created Tried: checked bank statement Expected: replacement
TK-241193,Chat Frontline,0,Other,N,"product: my pulse order: vr883205 purchased: 13-03-2025 issue: want to cancel my order tried: tried cancel button, greyed out expected: replacement"
TK-241198,Voice Frontline,0,Other,N,[IVR transcript] Thiis is very disappointing.  Ordered Orbit Mnii lat week. my bank shows the same amount twice on the same day. I already waited a week. Refund. Now.
TK-241203,Chat Frontline,0,Other,N,"I haven't recieved my order, how do i get this fixed?"
TK-241207,Voice Frontline,0,Delivery & Shipping,Y,"[IVR transcript] Hello, Got the Pulse buds from Amazon 10 days ago. Order not delivered, tracking not updating. I want my money back. Please revert,"
TK-241222,Email Frontline,1,Other,N,"Product: teh AirLite buds Order: VR900623 Purchased: March 19 Issue: ordered the wrong colour, don't ship it Tried: tried cancel button, greyed out Expected: resolution"
TK-241224,Email Frontline,1,Other,N,"To the Vireo Customer Care Team,  I am writing w/ reference to my order of my Nexa 2 watch (VR905508) placed on 23 Mar. Please cancel, ordered by mistake. I have tried cancel button, greyed out. I req"
TK-241241,Email Frontline,0,Delivery & Shipping,Y,"update my shipping address, pls clal me on my registered number"
TK-241243,Chat Frontline,0,Other,N,"This is very disappointing.  This is regarding orbit mini. my son ordered this without asking, please reverse. I already tried cancel button, greyed out. FIX THSI OR I AM POSTING ON TWITTER."
TK-241258,Email Frontline,0,Billing & Payments,Y,double payment deducted
TK-241272,Voice Frontline,0,Other,N,[IVR transcript] very poor quality.  ordered pulse earbuds a month ago. one of them (left) never gets the green light in the case. i already cleaned the contacts with a cloth. fix this or i am posting
TK-241281,Chat Frontline,0,Delivery & Shipping,Y,"Not whaat I expetced from Vireo.  Got the Orbit smart speaker from vireo.in 3 weeks back. paid on 26/03, still waiting for something to show up. I already checked the tracking page daily. Fix this or "
TK-241290,Email Frontline,0,Billing & Payments,Y,"UPI shows success, your app shows nothing"
TK-241293,Chat Frontline,0,Other,N,"Product: Nexa 2 Purchased: 19/03 Issue: please cancel, ordered by mistake Tried: tried cancel button, greyed out Expected: refund"
TK-241300,Email Frontline,0,Other,N,"This is very disappointing.  Got the strata 3 from vireo.in last month. ordered the wrong colour, don't ship it. I already tried cancel button, greyed out. Fix this or I am posting on twitter"
TK-241302,Email Frontline,0,Product Enquiry,Y,really frustrating. bought the airlite buds around 27-03-2025 from vireo.in. is the airlite buds compatible with my tv. refund. now.
TK-241307,Chat Frontline,0,Other,N,"Dear Sir/Madam, I bought the Pulse buds on March 31. Want to cancel my order. I tried cancel button, greyed out. Nothing changed. How do I get this fixed? Thanks in advance,"
TK-241311,Chat Frontline,0,Delivery & Shipping,Y,"typo in the flat number, courier will never find it, need this sorted this week"
TK-241318,Chat Frontline,0,Billing & Payments,Y,"hi, got my nexa fit band from vireo.in recently. invoice not downloading. i checked orders page. please resolve asap. thanks & regards priya patel"
TK-241320,Chat Frontline,0,Other,N,"hi vireo support, this is regarding the pulse buds.  cancel order. i tried cancel button, greyed out. nothing changed. can someone fix this? thanks in advance tenzin malhotra"
TK-241336,Email Frontline,0,Delivery & Shipping,Y,"update my shipping address, kindly look into it"
TK-241339,Voice Frontline,0,Other,N,"my son ordered this withoout asking, please reverse, vr902982, need this sorted this week"
TK-241358,Email Frontline,0,Returns & Refunds,Y,Bought the strata 3 around 04-03-2025 from vireo.in. Static noise when playing music. I tried different apps. I want my money back.
TK-241363,Email Frontline,0,Warranty & Repair,Y,Bought teh Nexa 2 around March 26 from vireo.in. Warranty claim pending for 11 days. I emailed twice. Nothing changed. I am losing patience. Please call me on my registered number. Thanks in advance S
TK-241364,Chat Frontline,0,Connectivity,Y,"Hi, the Pulse buds purchased last month, order VR882496.  Pairing is not working. I forgot the device and tried again. Nothing changed. Please call me on my registered number. Thanks & regards Megha"
TK-241366,Email Frontline,0,Other,N,"Product: the Nexa 2 Order: VR899421 Purchased: 07 Apr Issue: want to cancel my order Tried: tried cancel button, greyed out Expected: fix"
TK-241385,Chat Frontline,0,Other,N,"Dear Sir/Madam, Ordered Nexa watch in April. Want to cancel my order. Please resolve asap."
TK-241414,Chat Frontline,0,Other,N,Ordered Orbit Mini 2 weeks ago. My bank shows teh same amount twiice on the same day. I checked with bank. Please resolve asap. Rgds Dev
TK-241418,Voice Frontline,0,Other,N,"[IVR transcript] hi sir please cancel, ordered by mistake please help karo help"
TK-241421,Chat Frontline,0,Other,N,"hey, got the gan chargger from vireo.in a month ago.  need the bill with my firm's gstin on it. can someone fix this? thanks in advance, siddharth"
TK-241426,Chat Frontline,0,Delivery & Shipping,Y,Product: airlite earbuds Order: VR891107 Purchased: 16-02-2025 Issue: package not delivered even after 12 days Tried: checked with neihgbours Expected: fix
TK-241432,Voice Frontline,0,Connectivity,Y,"[IVR transcript] team, keeps losing my phone if i walk to the other room abhi tak kuch nahi hua airlite vr909491 kindly do the needful"
TK-241436,Voice Frontline,0,Other,N,"Very poor quality. Got airlite earbuds from vireo.in in January. a hiss that wasn't there when I bought it. I already tried wired mode. I want a replacement or refund, nothing else"
TK-241442,Chat Frontline,0,Delivery & Shipping,Y,"order not delivered, tracking not updating - VR902865 - please help"
TK-241447,Chat Frontline,0,Other,N,it has been 20 days and i have nothing in hand. how do i get this fixed?
TK-241453,Chat Frontline,0,Other,N,there is a frying sound in the background of every song
TK-241454,Voice Frontline,0,Delivery & Shipping,Y,[IVR transcript] hi sir need to change delivery address itna paisa diya hai my strata 2 headphones VR904423 anyone there
TK-241487,Email Frontline,0,Delivery & Shipping,Y,"typo in the flat number, courier will nveer find it please resolve asap"
TK-241490,Email Frontline,0,Delivery & Shipping,Y,Not acceptable at this price. Bought the AirLite buds around April 01 from vireo.in. need to change delivery address. I already tried editing in app. Refund. Now
TK-241497,Voice Frontline,0,Delivery & Shipping,Y,"[IVR transcript] bahi typo in the flat number, courier wlil never find it kal se my strata 2 headphones vr900117 help"
TK-241507,Email Frontline,0,Other,N,"Dear Sir/Madam,  I am writing with reference to my order of Nexa 2 placed on 06-04-2025. Does Nexa 2 work with iPhone. I request you to look into this matter at the earliest.  Yours faithfully, Kabir "
TK-241515,Chat Frontline,0,Delivery & Shipping,Y,"typo in the flat number, courier will never find it - VR899421 - pls call me on my registered number"
TK-241516,Email Frontline,0,Other,N,hii my bank shows the same amount twice on the same day the fit band hello??
TK-241519,Chat Frontline,0,Other,N,"Product: 65W chrager Order: VR891288 Purchased: 11/04 Issue: cancel ordre VR891288 Tried: tried cancel button, greyed out Expected: fix"
TK-241528,Email Frontline,0,Other,N,cancel order VR890569. kindly look innto it
TK-241532,Chat Frontline,0,Other,N,"Dear Sir/Madam,  I am writing with reference to my order of Strata 3 placed on 04-04-2025. It has been 15 days and I have nothing in hand. I have checked with neighbours. I request you to process a re"
TK-241549,Chat Frontline,0,Connectivity,Y,hi it connects for a second and then vanishes from the device list the airlite buds VR887558
TK-241553,Chat Frontline,0,Delivery & Shipping,Y,"hello ji order not delivered, tracking not updating kal se the pulse buds VR894254 help"
TK-241554,Email Frontline,0,Other,N,I have been a loyal customer and this is how you treat me. Bought Nexa 2 around April 11 from vireo.in. I moved houses yesterday and the order is going to the old flat. I already tried editing in app.
TK-241557,Email Frontline,0,Other,N,hi the display just ignores my finger half the time urgent
TK-241558,Voice Frontline,0,Other,N,"[IVR transcript] Hello Vireo, I bought Nexa 2 on 16 Apr. My company accounts team is asking for the tax bill. I checked orders page. Nothing changed. Can someone fix this? Plesae revert Sameer Patil"
TK-241561,Chat Frontline,0,Other,N,hi sir i moved houses yesterday and the order is going to the old flat please help karo the nexa smartwatch ??
TK-241562,Email Frontline,0,Other,N,bought orbit speaker around 08 apr from vireo.in. my bank says rs 4999 went to you but your site says i have no orders. i checked bank statement. nothing changed. i want a replacement. awaiting respon
TK-241575,Chat Frontline,1,Delivery & Shipping,Y,helo need to change delivery address
TK-241586,Voice Frontline,0,Connectivity,Y,[IVR transcript] Got teh Pulse buds from Amazzon last week. The pairing light blinks but nothing ever shows up on my Samsung. I forgot the device and tried again. Notthing changed. Need this sorted th
TK-241590,Email Frontline,1,Connectivity,Y,IT CONNECTS FOR A SECOND & THEN VANISHSE FROM THE DEVICE LIST
TK-241600,Chat Frontline,0,Other,N,"Hi Vireo support, Order VR894023 (my Nexa 2 watch). Ordered the wrong colour, don't ship it. I tried cancel button, greyed out. Need this sorted this week. Regards, Harsh Dutta"
TK-241608,Chat Frontline,0,Other,N,"hi vireo support, this is regarding the airlite buds. cancel order. i tried cancel button, greyed out. nothing changed. kindly look into it. thanks & regards rohit"
TK-241618,Chat Frontline,0,Other,N,"product: strata 2 order: vr880587 purchased: 21/04 issue: cancel order  tried: tried cancel button, greyed out expected: resolution"
TK-241619,Chat Frontline,0,Audio Quality,Y,"Hello Vireo, I bought the Pulse buds on 14 Sep. Buzzing sound frrom the speaker. Kindly look into it. Thanks in advance,"
TK-241648,Voice Frontline,0,Other,N,[IVR transcript] CANCEL ORDER VR897825 - VR897825 - WHAT DO I DO NOW?
TK-241662,Email Frontline,0,Connectivity,Y,Product: my Strata 3 headphones Order: VR894710 Purchased: April 09 Issue: can I connect two my Strata 3 headphones together Expected: resolution
TK-241663,Email Frontline,0,Other,N,Product: the strata 3 Purchased: 10-04-2025 Issue: entered wrong pincode Tried: tried editing in app Expected: callback
TK-241674,Chat Frontline,0,Charging & Battery,Y,"TEAM, BATTERY DRAINING EVEN WHEN NOT IN USE ABHI TAK KUCH NAHI HUA MY ARC ??"
TK-241690,Email Frontline,0,Other,N,hii money debited but order not showing the airlite buds vr896317
TK-241692,Chat Frontline,0,Other,N,hi sir does pulse earbuds work with iphone kal se pulse earbuds anyone there
TK-241698,Chat Frontline,0,Other,N,sir ji need the bill w/ my firm's gstin on it kuch karo my nexa 2 watch ??
TK-241704,Chat Frontline,0,Delivery & Shipping,Y,I am losing patience.  This is regarding Nexa 2. tracking has said out for delivery for a week now. I already checked with neighbours. This is the last time I buy from you.
TK-241707,Chat Frontline,0,Other,N,bhai my bank says rs 1799 wnt to you but your site sasy i have no orders nexa 2 hello??
TK-241751,Chat Frontline,0,Other,N,"hi ordered the wrong colour, don't ship it help"
TK-241755,Email Frontline,0,Other,N,"REALLY FRUSTRATING. Ordered orbit miini 2 weeks ago. my son ordered this without asking, please reverse. I already tried cancel button, greyed out. This is the last time I buy from you."
TK-241757,Chat Frontline,1,Other,N,"Not what I expected from Vireo. This is regarding my Nexa 2 watch. please cancel, ordered by mistake. I already tried cancel button, greyed out. Escalate this to someone senior."
TK-241761,Email Frontline,0,Delivery & Shipping,Y,"Dear Sir/Madam,  I am writing with reference to my order of my Pulse placed on 19/04.  Update my shipping address. I have tried editing in app. I request you to look into this matter at the earliest. "
TK-241781,Email Frontline,0,Delivery & Shipping,Y,"Product: my Nexa Order: VR893137 Purchased: 28 Apr Issue: change of mind, please stop the shipment Tried: tried cancel button, greyed out Expected: callback"
TK-241785,Email Frontline,0,Audio Quality,Y,"I have been a loyal customer and this is how you treat me. the Orbit smart speaker purchased 3 weeks back, order VR909793. distortd audio at high volume. I arleady tried different apps. Refund. Now"
TK-241795,Email Frontline,0,Other,N,helo order status stuck on sipped since april 20 anyone there
TK-241799,Email Frontline,0,Other,N,"Dear Sir/Madam,  I am writing with reference to my order of my Arc (VR910229) placed on 27 Feb. Left bud won't charge even after keeping it in the case overnight. I have tried another charger. I reque"
TK-241804,Email Frontline,0,Other,N,"pelase cancel, ordered by mistake, can someone fix this?"
TK-241821,Voice Frontline,0,Delivery & Shipping,Y,pathetic experience honestly. got strata 2 from amazon a month ago. i haven't received my order. i already called the courier. this is the last time i buy from you
TK-241834,Email Frontline,0,Warranty & Repair,Y,"to the vireo customer care team,  i am writing with reference to my order of my pulse placed on january 06. service centre took it, now silence. i have emailed twice. i requeest you to kindly arrange "
TK-241850,Chat Frontline,0,Other,N,"Dear Sir/Madam,  I am writing with reference to my order of the strata 3 placed on 30-04-2025. Card charged two times. I have waited a week. I request you to provide a resoultion within 3 working days"
TK-241870,Chat Frontline,0,Other,N,"product: airlite earbuds order: vr907247 purchased: 04-05-2025 issue: ordered the wrong colour, don't ship it tried: tried cancel button, greyed out expected: callback"
TK-241877,Chat Frontline,0,Account & Login,Y,product: strata 2 order: vr889003 purchased: december 06 issue: cannot login to my account tried: tried 5 times expected: fix
TK-241878,Chat Frontline,0,Audio Quality,Y,pathetic experience honestly. ordered orbit mini a month ago. crackling sound in the left side. i already tried wired mode. escalate this to someone senior
TK-241879,Email Frontline,0,Other,N,ordered orbit mini last week. locked out of my own account since last week. waiting for your reply.
TK-241891,Chat Frontline,0,Delivery & Shipping,Y,"dear team, ordered my nexa 2 watch around diwali. need to change delivery address. i tried edtiing in app. not whhat i expected from vireo. plese resolve asap."
TK-241900,Voice Frontline,0,Other,N,"Hi there, I bought my Strata 2 headphones on February 18. My dad has an old Nokia, will teh watch app run. I want a replacement."
TK-241906,Email Frontline,0,Product Enquiry,Y,"Hello, This is regarding my Orbit. Is my Orbit compatible w/ my TV. Please resolve asap. Thanks in advance,"
TK-241921,Chat Frontline,0,Other,N,"Product: the Nexa 2 Order: VR894688 Purchased: 08-05-2025 Issue: want to cancel my order Tried: tried cancel button, greyed out Expected: resolution"
TK-241946,Email Frontline,0,Other,N,cancel order VR902714. VR902714
TK-241955,Chat Frontline,0,Delivery & Shipping,Y,"Not whaat I expected from Vireo. I bouught my Strata 2 headphones on 04 May. change of mind, please stop the shipment. I already tried cancel button, greyed out. I want a replacement or refund, nothin"
TK-241956,Voice Frontline,0,Connectivity,Y,[IVR transcript] hey not pairing w/ my phone the orbit smart speaker vr899556 hello??
TK-241963,Chat Frontline,0,Other,N,canel order 
TK-241964,Chat Frontline,0,Other,N,"Dear Sir/Madam,  I am writing w/ reference to my order of my Orbit (VR886297) placed on 09/05. Please cancel, ordered by mistake. I have tried cancel button, greyed out. I request you to kindly ararng"
TK-241968,Chat Frontline,0,Other,N,hello ji entered wrong pincode kal se hello??
TK-241971,Chat Frontline,0,Other,N,hello i sent the unit in 21 days ago and have heard nothing my pulse
TK-241972,Chat Frontline,0,Delivery & Shipping,Y,"Really frustrating.  Ordered my Nexa 2 watch 10 days ago. typo in the flat number, courier will never find it. I already tried editing in app. This is the last time I buy from you."
TK-241981,Voice Frontline,0,Other,N,"[IVR transcript] Hi, Ordered the AirLite buds around Diwali. Plase cancel, odered by mistake. I tried cancel button, greyed out. Pease resolve asap."
TK-241982,Chat Frontline,0,Delivery & Shipping,Y,"hello ji order not delivered, tracking not updating please jaldi anyone there"
TK-242001,Chat Frontline,1,Account & Login,Y,"to the vireo customer care team,  i am writing with reference to my order of orbit mini placed on 02-04-2025. otp not coming on my number. i have tried 5 times. i request you to kindly arrange a repla"
TK-242026,Chat Frontline,0,Connectivity,Y,"hi there, bought my pulse around 06/01 from vireo.in. connection drops constantly. i kept phone in hand. nothing changed. really frustrating. please help. thanks & regards"
TK-242032,Email Frontline,0,Warranty & Repair,Y,"hello ji claim number rma13447, anyone alive there? abhi tak kuch nahi hua the airlite buds VR895666"
TK-242033,Voice Frontline,0,Other,N,Very poor quality. Got AirLite from vireo.in last week. my bank shows the same amount twice on the same day. I already checked with bank. REFUND. Now
TK-242035,Email Frontline,0,Warranty & Repair,Y,what is the status of my warranty claiim
TK-242040,Email Frontline,0,Warranty & Repair,Y,"I AM LOSING PATIENCE. I bought orbit mini on 28 Apr. service center took it, now silence. I already emailed twice. I want a replacement or refund, nothing else."
TK-242042,Voice Frontline,0,Delivery & Shipping,Y,[IVR transcript] hello need to change delivery address the nexa smartwatch pls reply
TK-242045,Chat Frontline,0,Other,N,hey i moved houses yesterday and the order is going to the old flat pulse 1 vr885282
TK-242064,Chat Frontline,1,Product Enquiry,Y,"dear team, this is regarding your charger. is your charger compatible with my tv. please advise."
TK-242070,Email Frontline,0,Delivery & Shipping,Y,this is very disappointing. order vr893728 (nexa 2). i haven't received my order. i already called the courier. fix this or i am posting on twitter.
TK-242078,Email Frontline,0,Other,N,"product: my nexa 2 watch purchased: 07 may issue: please cancel, ordered by mistake tried: treid cancel button, greeyd out expected: callback"
TK-242081,Chat Frontline,0,Other,N,hi ur ad said 20% off & the cart says full price my nexa fit band VR881292 urgent
TK-242084,Chat Frontline,0,Delivery & Shipping,Y,hello ji tracking has sadi out for delivery for a week now pls reply
TK-242111,Voice Frontline,0,Other,N,"[IVR transcript] please cancel, ordered by mistake - can someone fix this?"
TK-242129,Email Frontline,0,Billing & Payments,Y,Product: the Nexa 2 Purchased: 19-05-2025 Issue: I was charged twice for one order Tried: waited a week Expected: resolution
TK-242132,Email Frontline,0,Other,N,"Hello Vireo, Bought Pulse earbuds around 20/05 from vireo.in. Entered wrong pincode. I tried editing in app. Nothign changed. I want a replacement. Regards Yash"
TK-242141,Chat Frontline,0,Other,N,"Namaste, the AirLite buds purchased a month ago, order VR908491. Please cancel, ordered by mistake. I tried cancel button, greyed out. Nothing changed. Need this sorteed this week. Rgdds"
TK-242149,Chat Frontline,0,Other,N,"Dear Sir/Madam,  I am writing with reference to my order of Strata 2 (VR882061) placed on May 19.  Want to cancel my order. I have tried cancel button, greyed out. I request you to process a refund to"
TK-242150,Chat Frontline,0,Other,N,hii does airlite work with iphone airlite
TK-242156,Chat Frontline,0,Other,N,product: the airlite buds purchased: may 24 issue: does the airlite buds work with iphone expected: fix
TK-242158,Chat Frontline,0,Delivery & Shipping,Y,"team, order not delivered, tracking not updating itna paiisa diyya hai hello??"
TK-242161,Voice Frontline,0,Other,N,"[IVR transcript] Hi, I bought the Pulse buds on May 26. Ordr status stuck on shipped since May 26. HOW DO I GET THIS FIXED? RGDS, SUNITA SHINDE"
TK-242177,Chat Frontline,0,Returns & Refunds,Y,"Got Nexa 2 form vireo.in last month. Touch screen not responding. I updated firmware. Nohing changed. I want my money back. Please revert,"
TK-242181,Email Frontline,0,Delivery & Shipping,Y,"I am losing patience. I bought braided cable on May 15. change of mind, please stop the shipment. I already tried cancel button, greyed out. I want a replacement or refund, nothing else."
TK-242182,Chat Frontline,0,Connectivity,Y,"hi vireo support, bought my pulse around 18/05 from amazon. two entries of rs 4999 on my statement for one pair of earbuds. i checked with bank. nothing changed. waiting for your reply. rgds"
TK-242184,Email Frontline,0,Other,N,"TEAM, PAYMENT WAS DEDUCTED BUT NO ORDER WAS CREATED BAHUT PARESHAN HU THE ORBIT SMART SPEAKER VR899120 KINDLY DO THE NEEDFUL"
TK-242187,Voice Frontline,0,Other,N,"[IVR transcript] hello, ordered the nexa 2 3 weeks back.  my son ordered this without asking, please reverse. can someone fix this? thanks & regards,"
TK-242188,Chat Frontline,0,Other,N,hii money debited but order not showing
TK-242203,Chat Frontline,0,Other,N,"Dear Sir/Madam,  I am writing with reference to my order of the Pulse buds placed on May 24. It goes silent for a second every few minutes and comes back. I have kept phone in hand. I request you to p"
TK-242207,Chat Frontline,0,Delivery & Shipping,Y,really frustrating. bought arc neckband around 16/05 from vireo.in. i haven't received my order. i already called the courier. fix this or i am posting on twitter.
TK-242208,Chat Frontline,0,Other,N,"Pathetic experience honestly.  Ordered the strata 3 3 weeks back. please cancel, ordered by mistake. I already tried cancel button, greyed out. Refund. Now."
TK-242211,Chat Frontline,0,Delivery & Shipping,Y,"dear sir/madam,  i am writing with reference to my order of my nexa (vr910718) placed on 17 may. package not delivered even after 7 days. i havve checked the tracking page daily. i reequest you to pro"
TK-242216,Email Frontline,0,Other,N,hey entered wrong pincode
TK-242224,Chat Frontline,0,Other,N,Product: the Pulse buds Purchased: May 24 Issue: I moved houses yesterady and the order is going to the old flat Tried: tried editing in app Expected: callback
TK-242230,Chat Frontline,0,Billing & Payments,Y,"Hello Vireo, This is regarding pules 1. UPI shows success, your app shows nothing. I waited 24 hours. Nothing changed. Can someone fix this? Awaiting response,"
TK-242231,Email Frontline,0,Delivery & Shipping,Y,"Dear Sir/Madam,  I am writing w/ reference to my order of my Arc placed on May 30. Need to change delivery address. I have tried editing in app. I request you to look into this matter at the earliest."
TK-242235,Chat Frontline,0,Delivery & Shipping,Y,"Honestly regretting this purchase. Bought the Orbit smart speaker around 27/05 from Amazon. typo in the flat number, courier will never find it. I already tried editing in app. Escalate this to someon"
TK-242236,Chat Frontline,0,Connectivity,Y,Product: Nexa 2 Purchased: 02 Jun Issue: can I connect two Nexa 2 together Expected: fix
TK-242245,Email Frontline,0,Connectivity,Y,"hello vireo, bought my strata 2 headphones around 03 oct from vireo.in.  bluetooth pairing fails every time. i tried on another phone. this is very disappointing. need this sorted this week. rgds, poo"
TK-242248,Chat Frontline,0,Other,N,"Hello, Got the cable from vireo.in 2 weeks ago.  Will this survive a shower. Not what I expected from Vireo. Please advise. Regards,"
TK-242255,Email Frontline,0,Delivery & Shipping,Y,"I am losing patience. I bought my Nexa 2 watch on 28 Mar. order not delivered, tracking not updating. I already checked the tracking pagge daily. Refund. Now."
TK-242258,Chat Frontline,0,Other,N,hi updtae my shipping address
TK-242259,Chat Frontline,0,Billing & Payments,Y,"namaste, orderde the nexa smartwatch 3 weeks back. please share invoice with gst number. i tried different browser. kindly look into it. please revert, gurpreet pillai"
TK-242261,Chat Frontline,0,Other,N,"Hello Vireo, This is regarding Arc neckband. My bank says Rs 6499 went to you but your site sasy I have no orders. Please advise. Regards Siddharth Desai"
TK-242267,Chat Frontline,0,Delivery & Shipping,Y,update my shipping address
TK-242271,Email Frontline,0,Other,N,"really frustrating.  order vr895616 (my orbit). cancel order vr895616. i already tried cancel button, greyed out. this is the last time i buy from you."
TK-242272,Chat Frontline,2,Other,N,"Hello Vireo, Bouhgt the strata 3 around 24/05 from vireo.in.  DISCOUNT WAS NOT APPIED AT CHECKOUT. I trried in caps. I want a replacement. Please revert Daniel Pillaai"
TK-242275,Chat Frontline,0,Other,N,"Product: Orbit speaker Order: VR898671 Purchased: 03/06 Issue: my son ordered this without asking, please reverse Tried: tried cancel button, greyed out Expected: replacement"
TK-242277,Email Frontline,0,Other,N,hii cancle ordr 
TK-242281,Email Frontline,0,Other,N,"Hello Vireo, Got my Nexa 2 watch from vireo.in in March. Can't get past the loading screen in the app. I reinstalled the app. Please resolve asap."
TK-242287,Chat Frontline,1,Account & Login,Y,Got my Strata 3 headphones from vireo.in 10 days ago. Cannot login to my account. I tried on another browser. Pathetic experience honestly. Please resolve asap.
TK-242299,Chat Frontline,0,Connectivity,Y,"To teh Vireo Customer Care Team,  I am writing with reference to my order of orbit mini placed on 18 May. Not pairing with my phone. I have tried on another phone. I request you to look into this matt"
TK-242306,Chat Frontline,0,Other,N,order status stuck on shipped since May 23
TK-242312,Email Frontline,0,Connectivity,Y,BLUETOOTH KEEPS CUTTING OUT
TK-242317,Voice Frontline,0,Delivery & Shipping,Y,"[IVR transcript] This is veyr disappointing. I bought my Orbit on 03 Jun. it has been 12 days and I have nothing in hand. I already called the courier. I wnat a replacement or refund, nothing else."
TK-242323,Voice Frontline,0,Other,N,"[IVR transcript] not what i expected from vireo. ordered my strata 3 headphones last month. ordered the wrong colour, don't ship it. i already tried cancel button, greyed out. escalate this to someone"
TK-242327,Chat Frontline,0,Other,N,"dear team, i bought the gan charger on may 29. please cancel, ordered by mistake. i want a replacement"
TK-242328,Email Frontline,0,Other,N,"To the Vireo Customer Care Team,  I am writing witth reference to my order of Pulse earbuds placed on May 24.  Payment was deducted but no order was created. I have checked bank statement. I requesst "
TK-242331,Email Frontline,0,Other,N,my phone just doesn't see it in the list anymore
TK-242332,Email Frontline,0,Other,N,there is a frying sound in the background of every song
TK-242352,Chat Frontline,0,Product Enquiry,Y,"Dear Sir/Madam,  I am writing with reference to my order of the Orbit smart speaker placed on June 03. Is the Orbit smart speaker compatible with my TV. I request you to kindly arrange a replacement. "
TK-242365,Email Frontline,0,Delivery & Shipping,Y,"Hi Vireo support, This is regarding the strata 3.  Package not delivered even after 10 days. I checked with neighbours. Please help."
TK-242369,Voice Frontline,0,Other,N,[IVR transcript] i have been a loyal customer and this is how you treat me. i bought orbit speaker on 28-02-2025. sounds like a badly tuned radio now. i already tried different apps. this is the last 
TK-242380,Chat Frontline,0,Other,N,"Hello, Bought the strata 3 around 09/06 from Amazon. Cancel order VR894996. Please advise. Thanks,"
TK-242383,Chat Frontline,0,Billing & Payments,Y,"Honestly regretting this purchase. Bought the AirLite buds around May 31 from Amazon. paid via UPI, amount deducted, no order confirmation. I already tried logging out & in. This is the last time I bu"
TK-242385,Chat Frontline,0,Connectivity,Y,Very poor quality. I bought the Pulse buds on March 21. random disconnects during calls. I already reset both devices. This is the last time I buy from you.
TK-242390,Email Frontline,0,Audio Quality,Y,"Deear Sir/Madam,  I am writing with reference to my order of teh AiLrite budds placed on 05/05.  Static nose when playing music. I hve changed EQ. I request you to process a refund to my original paym"
TK-242398,Email Frontline,0,Delivery & Shipping,Y,"Product: my Pulse Order: VR896312 Purchased: 03 Jun Issue: paid on 03 Jun, still waiting for something to show up Tried: called the courier Expected: replacement"
TK-242399,Chat Frontline,0,Charging & Battery,Y,hi battery draining even when not in use ??
TK-242411,Email Frontline,0,Delivery & Shipping,Y,"Dear Sir/Madam,  I am writing with reference to my order of my Nexa 2 watch placed on 02 Jun. Paid on 02 Jun, still waiting for something to show up. I have called the courier. I request you to provid"
TK-242412,Email Frontline,0,Other,N,"Dear Sir/Madam,  I am writing with reference to my order of my Arc placed on 30/05. Want to cancel my order. I have tried cancel button, greyed out. I request u to kindly arrange a replacement.  Regar"
TK-242424,Chat Frontline,0,Delivery & Shipping,Y,"dear sir/madam,  i am writing with reference to my order of my nexa fit band (vr882092) placed on 03/06. order not delivered, tracking not updating. i have checked with neighbours. i request you to lo"
TK-242427,Chat Frontline,0,Other,N,"Not acceptable at this price. I bought Pulse earbuds on June 08. I moved houses yesterday and the orrder is going to the old flat. I already tried editing in app. I want a replacement or refund, nothi"
TK-242447,Chat Frontline,0,Delivery & Shipping,Y,"Hello, Got pulse 1 from vireo.in arround Diwali.  I haven't received my order. I called the courier. Nothing changed. How do I get this fixed? Thanks"
TK-242453,Chat Frontline,1,Warranty & Repair,Y,PRODUCT: STRATA 3 ORDER: VR894710 PURCHASED: APRIL 09 ISSUE: I SENT THE UNIT IN 19 DAYS AGO AND HAVE HEARD NOTHING TRIED: CALLED SERVICE CENTRE EXPECTED: RESOLUTION
TK-242458,Chat Frontline,1,Other,N,Product: the neckband Purchased: 22 Jun Issue: dos the neckband work with iPhone Expected: resolution
TK-242486,Chat Frontline,0,Other,N,Got my Plse form vireo.in a month ago.  Your site keesp sayign it sennt me a code and my phone disagrees. I tried on another browser. Please help.
TK-242488,Email Frontline,0,Other,N,"orderde the wrong colour, don't ship it. please resolve asap"
TK-242492,Email Frontline,0,Billing & Payments,Y,"dear sir/madam,  i am writing with reference to my order of airlite earbuds (vr891112) placed on 08 jun. invoice not downloading. i have tried different browser. i request you to process a refund to m"
TK-242499,Chat Frontline,0,Other,N,"my son ordered ths without asking, please reveres - please resolve asap"
TK-242509,Email Frontline,0,Other,N,ordr status stuck on shipped since June 11. VR900728. what do i do now?
TK-242540,Email Frontline,0,Other,N,"ordered the wrong colour, don't ship it - vr907020 - i want a replacement"
TK-242552,Email Frontline,2,Other,N,"Hello, Bought my Nexa 2 watch around 09 Jun from vireo.in. Does my Nexa 2 watch work with iPhone. I want a replacement. Thanks Ankit Khan"
TK-242572,Chat Frontline,0,Other,N,Product: orbit mini Order: VR892410 Purchased: 20 Jun Issue: entered wrong pincode Tried: tried editing in app Expected: callback
TK-242575,Email Frontline,0,Other,N,"hello, got airlite earbus from vireo.in 10 days ago. need to chaange delivery adress. what do i do now?"
TK-242579,Voice Frontline,0,Billing & Payments,Y,"[IVR transcript] need GST invoice for my order, please resolve asap"
TK-242588,Email Frontline,0,Product Enquiry,Y,hi is the airlite buds compatible with my tv the airlite buds hello??
TK-242604,Chat Frontline,0,Delivery & Shipping,Y,Product: Pulse earbuds Order: VR900876 Purchased: Juune 20 Issue: I haven't received my order Tried: checked with neighbours Expected: fix
TK-242613,Email Frontline,0,Product Enquiry,Y,before i buy - will this talk to a 2019 samsung
TK-242617,Chat Frontline,0,Charging & Battery,Y,"Hey, Order VR884999 (the Nexa 2). Battery drains v fast, barely lasts 2 hours. I fully charged and discharged twice. Nothing changed. Can someone fix this? Awaiting response, Megha Mehta"
TK-242621,Email Frontline,0,Delivery & Shipping,Y,"i bought my nexa 2 watch on 19/06. the courier marked it delivered but nobody in my house got anything. i checked the tracking page daily. nothing changed. please advise. rgds,"
TK-242627,Voice Frontline,0,Delivery & Shipping,Y,"Hi Vireo support, Ordered the mini speaker 2 weeks ago. Order status stuck on shipped since 19-06-2025. I checked the tracking page daily. Nothing changed. I want my money back. Please revert Sneha"
TK-242635,Email Frontline,0,Other,N,hello ji entered wrong pincode itna paisa diya hai ??
TK-242636,Email Frontline,0,Delivery & Shipping,Y,"Hi there, This is regardinng my Strata 3 headphones. Update my shipping address. I tried editing in app. Nothing changed. Please advise. Thanks & regards, Harsh"
TK-242643,Email Frontline,0,Other,N,"my son ordered this without asking, please reverse VR882967 please resolve asap"
TK-242655,Chat Frontline,0,Delivery & Shipping,Y,"Namaste, This is regarding my Arc. Package not delivered even after 4 days. I checked with neighbours. Nothing changed. Waiting for ur reply. Regards, Sai D'Souza"
TK-242660,Chat Frontline,0,Other,N,"Not acceptable at this price. I bought my Nexa on 20 Jun. want to cancel my order. I alreay tried cancel button, greyed out. This is the last time I buy from you."
TK-242661,Email Frontline,1,Returns & Refunds,Y,"Hi Vireo support, Ordered airlite earbuds around Diwali. Works for music but useless for meetings. I tried different apps. Nothing changed. I want my money back. Regards,"
TK-242662,Chat Frontline,1,Delivery & Shipping,Y,Pathetic experience honestly.  This is regarding Pulse earbuds. I haven't received my order. I already checked the tracking page daily. Escalate tihs to someone senior.
TK-242664,Email Frontline,0,Other,N,"Dear Sir/Madam,  I am writing with reference to my order of my Nexa Fit band placed on 18-06-2025. Please cancel, ordered by mistake. I have tried cancel button, greyed out. I request you to kindly ar"
TK-242667,Chat Frontline,0,Other,N,"Product: the Pulse buds Order: VR889331 Purchased: 18-06-2025 Issue: ordered the wrong colour, don't ship it Tried: tried cancel button, greyed out Expected: fix"
TK-242672,Chat Frontline,0,Other,N,"Dear team, Got my Nexa 2 watch from vireo.in in June. I have to charge it twice a day now, it used to last days. I turned off always-on display. Nothing changed. Please advise. Rgds, Komal Qureshi"
TK-242679,Email Frontline,0,Other,N,"pls cancel, ordered by mistake. VR891837. need this sorted this week"
TK-242680,Email Frontline,0,Delivery & Shipping,Y,"hii change of mind, pleaes sttop the shipment ??"
TK-242697,Chat Frontline,0,Product Enquiry,Y,"Hello, Got Orbit Mini from vireo.in recently. Before I buy - will this talk to a 2019 Samsung. Kindly look into it."
TK-242705,Chat Frontline,1,Other,N,"Hello Vireo, I bought the nexa smartwatch on 13/02. I have to charge it twice a day now, it used to last days. I turned off always-on display. I want a replacement. Thanks Abhishek"
TK-242723,Chat Frontline,0,Other,N,"hello my son orderred this without asking, please revrese my nexa vr907982 pls reply"
TK-242727,Email Frontline,0,Other,N,"Dear Sir/Madam,  I am writing with reference to my order of my Strata 3 headphones (VR896639) placed on 16 Jun.  Dies by lunchtime with light use. I have fully charged and discharged twice. I request "
TK-242733,Voice Frontline,0,Charging & Battery,Y,I am losing patience. Bought my Strata 3 headphones around 21 Nov from Amazon. battery draining even when not in use. I already fully charged & discharged twice. Refund. Now.
TK-242737,Email Frontline,0,Other,N,"Dear team, Bought teh Nexa 2 around 04/07 from vireo.in.  Orrdered the wong colour, don't ship it. I tred cancel button, greyed out. Nothing changed. Can someone fix this? Thanks & regards"
TK-242741,Chat Frontline,0,Connectivity,Y,Not what I expected froom Vireo. Ths is regarding Nexa watch. pairing is not working. I already restarted the phone. ESCALATE THS TO SOMEONE SENIOR.
TK-242757,Chat Frontline,1,Warranty & Repair,Y,"dear sir/madam,  i am writing w/ reference to my order of nexa 2 (vr909235) placed on 03/07. want to cancel my order. i have tried cancel button, greyed out. i request you to kindly arrange a replacem"
TK-242770,Voice Frontline,0,Charging & Battery,Y,[IVR transcript] hii battery draining even when not in use ??
TK-242774,Chat Frontline,2,Audio Quality,Y,"hi there, i bought the neckband on 29 apr. microphone is very low on the the neckband. need this sorted this week. thank you,"
TK-242801,Chat Frontline,0,Other,N,"Hi there, Got Nexa 2 from vireo.in in June. Cancel order VR880473. Please advise."
TK-242811,Chat Frontline,0,Warranty & Repair,Y,"To the Viero Customer Care Team,  I am writing with reference to my order of my Nexa 2 watch (VR899860) placed on 17-04-2025. Strap pin came off. I have bought a third-party strap. I requeest you to l"
TK-242822,Chat Frontline,0,Delivery & Shipping,Y,Product: pulse 1 Purchased: 30 Jun Issue: I haven't received my order Tried: called the courier Expected: resolution
TK-242851,Email Frontline,0,Warranty & Repair,Y,"Hello, I bought teh Nexa 2 on 09-06-2025. What is the stauts of my warranty claim. I emailed twice. Need this sorted this week. Thanks Ankit Khan"
TK-242852,Chat Frontline,0,Delivery & Shipping,Y,"Product: Nexa Fit Order: VR886784 Purchased: 04/07 Issue: typo in the flat number, courier will never fnd it Tried: tried editing in app Expected: resolution"
TK-242853,Email Frontline,0,Delivery & Shipping,Y,"package not delivered even after 12 days, how do i get this fixed?"
TK-242868,Voice Frontline,1,Other,N,hii i moved houses yesterday and the order is going to the old flat nexa 2
TK-242869,Email Frontline,0,Other,N,"Dear Sir/Madam, Ordered my Arc in July.  I moved houses yesterday and the order is going to the old flat. I tired editing in app. Please call me on my registered number."
TK-242875,Chat Frontline,0,Other,N,"Not waht I expected from Vireo. Bought Orbit Mini around 12-07-2025 from vireo.in. cancel order VR904176. I already tried cancel button, greyed out. I want a replacement or refund, nohting else."
TK-242878,Chat Frontline,1,Delivery & Shipping,Y,"product: my strata 2 headphones order: vr895171 purchased: 13-07-2025 issue: change of mind, please stop the shipment tried: tried cancel button, greyed out expected: refund"
TK-242901,Chat Frontline,0,Billing & Payments,Y,"Namaste, Ordered the fit band a month ago. UPI shows success, your app shows nothing. Please advise. Regards Ishaan"
TK-242913,Chat Frontline,1,Delivery & Shipping,Y,"Namaste, Arc neckband purchased 3 weeks back, order VR882046. Order status stuck on shipped since 07-07-2025. I checked the tracking page daily. What do I do now? Thanks & regards"
TK-242922,Chat Frontline,1,Other,N,"got orbit mini from vireo.in 2 weeks ago. wifi setup fails at the last step. please resolve asap. thanks, abhishek"
TK-242933,Chat Frontline,1,Other,N,"your site keeps saying it sent me a code and my phone disagrees, can someone fix this?"
TK-242939,Voice Frontline,0,Charging & Battery,Y,[IVR transcript] Pathetic experience honestly.  Got Nexa watch from Amazon last month. battery backup is terrible now. I aleady fully charged & dicsharged twice. Refund. Now.
TK-242943,Email Frontline,1,Other,N,"Product: the AirLite buds Order: VR900462 Purchased: 08-07-2025 Issue: cancel order VR900462 Tried: tried cancel button, greyed out Expected: replacement"
TK-242958,Chat Frontline,0,Delivery & Shipping,Y,"hi vireo support, ordred teh fit band in july. need to change delivery address. i tried editing in app. nothing changed. please help. please revert kavya dhillon"
TK-242960,Chat Frontline,0,Delivery & Shipping,Y,"Hi team, Got pluse 1 from Flipkart in July. The courier markde it delivered but noboody in my house got anything. I checked with neighbours. Nothing changed. Please resolve asap."
TK-242962,Chat Frontline,0,Other,N,Product: the strata 3 Purchased: 25-06-2025 Issue: need to chhange delivery addreess Tried: tried editing in app Expected: callback
TK-242973,Email Frontline,0,Delivery & Shipping,Y,"hello typo in the flat number, courier will never find it pls reply"
TK-242980,Chat Frontline,0,Other,N,"bhai padi on 12/07, still waiting for something to show up ahbi tak kuch nahi hua the orbit smart speaker urgent"
TK-243006,Chat Frontline,0,Delivery & Shipping,Y,hi update my shipping address
TK-243007,Chat Frontline,0,Other,N,cancel order 
TK-243009,Chat Frontline,0,Other,N,HONESTLY REGRETTIG THIS PURCHASE. I bought pulse 1 on 12-07-2025. it has been 6 days and I have nothing in hand. I already checked with neighbours. Escalate this to someone senior
TK-243020,Chat Frontline,0,Other,N,"Hi there, Ordered the Nexa 2 10 days ago. My son ordered this without asking, please reverse. Waiting for your reply. Please revert Lobsang"
TK-243022,Voice Frontline,0,Other,N,"DISCOUNT WAS NOT APPLIED AT CHECKOUT, PLEASE ADVISE"
TK-243024,Email Frontline,0,Other,N,"Hello Vireo, Bought Pulse earbuds around 23/04 from Amazon.  The sound stutters whenever my phone is in my pocket. I resset both devices. Nothing changed. I want a replacement. Thanks,"
TK-243031,Chat Frontline,0,Delivery & Shipping,Y,"order not delivered, tracking not updating - vr882520 - i want my money back"
TK-243039,Chat Frontline,0,Other,N,"dear sir/madam,  i am writing with reference to my order of my pulse (vr903441) placed on 14/07. cancel order vr903441. i have tried cancel button, greyed out. i request you to process a refund to my "
TK-243047,Email Frontline,0,Audio Quality,Y,"To the Vireo Custommer Care Team,  I am writing with rfeerence to my order of Strata 3 placed on June 25. Crackling soud in the left side. I have changed EQ. I reqest you to provide a resolution withi"
TK-243048,Chat Frontline,0,Other,N,"Dear Sir/Madam,  I am writing wtih reference to my order of Orbit speaker (VR891962) placed on Jluy 24. Want to cancel my order. I haave tried cancel button, greyed out. I request you to kindly arrang"
TK-243063,Voice Frontline,0,Other,N,"[IVR transcript] honestly regretting this purchase.  this is regarding the gan charger. cancel order vr910018. i already tried cancel button, greyed out. refund. now."
TK-243067,Email Frontline,0,Delivery & Shipping,Y,"pathetic experience honestly. i bought orbit mini on 14-07-2025. change of mind, please stop the shipment. i already tried cancel button, greyed out. refund. now."
TK-243098,Chat Frontline,0,Other,N,"please cancel, ordered by mistake, waiting for your reply"
TK-243110,Chat Frontline,0,Other,N,"dear sir/madam,  i am writign w/ reference to my order of the gan charger (vr902366) placed on july 22. ordered the wrong colour, don't ship it. i have tried cancel button, greyed out. i request u to "
TK-243118,Chat Frontline,0,Other,N,"bhai my dad has an old nokia, will the watch app run urgent"
TK-243119,Chat Frontline,0,Other,N,"will this survive a shower, can someone fix this?"
TK-243137,Chat Frontline,1,Other,N,"Product: pulse 2 buds Order: VR902751 Purchased: 21/07 Issue: my son ordered this without asking, please reverse Tried: tried cancel button, greyed out Expected: resolution"
TK-243138,Chat Frontline,0,Other,N,will this survive a shower pls call me on my registered number
TK-243144,Chat Frontline,0,Other,N,"Dear Sir/Madam,  I am writing with reference to my order of the nexa smartwatch (VR909047) placed on July 26.  I moved houses yesterday and the order is going to the old flat. I hve tried editing in a"
TK-243147,Email Frontline,1,Billing & Payments,Y,double payment deducted - VR898643 - kindly look into it
TK-243148,Voice Frontline,0,Other,N,"[IVR transcript] paid on 20-07-2025, still waiting for something to show up"
TK-243158,Voice Frontline,0,Delivery & Shipping,Y,"[IVR transcript] really frustrating. i bougth my nexa 2 watch on 25/07. update my shipping address. i already tried editing in app. i want a replacement or refund, nothing else."
TK-243167,Chat Frontline,0,Other,N,"Bought the Pulse 2 earbuds around 22-07-2025 from Amazon.  Cancel order VR899940. I tried cancel button, greyed out. Please call me on my registered number. Regards"
TK-243173,Chat Frontline,0,Other,N,"Not acceptable at this price.  Ordered pulse 2 buds 10 dayys ago. please cancel, orddered by mistake. I already tried cancel button, greyed out. I want a replacement or refund, nothign else."
TK-243185,Chat Frontline,0,Delivery & Shipping,Y,"I am losing patience. Bought Orbit Mini around July 25 frrom vireo.in. typo in the flat number, courier will never find it. I already tried editing in app. Refund. Now."
TK-243189,Email Frontline,0,Delivery & Shipping,Y,hi sir update my shipping address please help karo my pulse 2 vr906986 hello??
TK-243215,Email Frontline,0,Other,N,I have to tap ten times for one swipe to register please call me on my registered number
TK-243227,Chat Frontline,0,Other,N,"sir ji please cancel, ordered by mistake bahut pareshan hu braided cable vr902308 help"
TK-243231,Chat Frontline,0,Other,N,hello cancel order vr881186
TK-243243,Email Frontline,0,Other,N,the courir marked it delivered but nobody in my house got anything
TK-243253,Email Frontline,0,Account & Login,Y,"Hello, Got the Nexa 2 from vireo.in 10 days ago.  OTP not coming on my number. I tried on another browser. Nothing changed. What do I do now? Please revert Dev Siddiqui"
TK-243258,Voice Frontline,0,Delivery & Shipping,Y,"[IVR transcript] Really frustrating. my Nexa purchased last week, orrder VR887367. package not delivered evn after 5 days. I already checked the tracking page daily. Fix this or I am posting on twitte"
TK-243271,Chat Frontline,0,Other,N,"dear sir/madam,  i am writing with reference to my order of my pulse 2 (vr881341) placed on 23 jul.  cancel order vr881341. i have tried cancel button, greyed out. i request you to provide a resolutio"
TK-243274,Voice Frontline,0,Other,N,[IVR transcript] Pathetic experience honestly. Ordeer VR891962 (my Orbit). I moved houses yesterday and the order is going to the old flat. I already tried editting in app. Refund. Now.
TK-243277,Chat Frontline,0,Other,N,hello money debited but order not showing
TK-243281,Chat Frontline,0,Other,N,entered wrong pincode VR893612
TK-243286,Email Frontline,0,Connectivity,Y,"To the Viroe Customer Caer Team,  I am writing with reference to my order of the Pulse 2 earbudds (VR892759) placed on July 24.  Can I connect two the Pulse 2 earbuds together. I requst you to provide"
TK-243287,Chat Frontline,0,Audio Quality,Y,static noise when playing music
TK-243301,Email Frontline,0,Other,N,"product: the mini speaker order: vr903846 purchased: 04-08-2025 issue: please cancel, ordered by mistake tried: tried canecl button, greyed out expected: callack"
TK-243308,Voice Frontline,0,Warranty & Repair,Y,"[IVR transcript] Hey, This is regarding my Strata 2 headphones.  Warranty claim pending for 4 days. I called service centre. Nothing changed. Can someone fix this? Regards"
TK-243311,Chat Frontline,0,Delivery & Shipping,Y,"Dear team, I bought pulse 1 on 24 Jul.  Change of mind, please stop the shipment. I tried cancel button, greyd out. Nothing changed. Please advise. Thanks in advance Ananya Jadhav"
TK-243330,Chat Frontline,0,Other,N,hey entered wrong pincode urgent
TK-243342,Email Frontline,0,Other,N,hleo cancel orrder vr898157 kiindly do the needful
TK-243348,Chat Frontline,1,Other,N,my bank shows the same amuont twice on the same day VR901170
TK-243356,Chat Frontline,0,Billing & Payments,Y,"dear team, order vr900283 (my nexa 2 watch). upi shows success, your app shows nothing. i tried logging out and in. nothing changed. what do i do now?"
TK-243372,Email Frontline,0,Charging & Battery,Y,battery life has dropped to almost nothing. VR882416. what do i do now?
TK-243373,Email Frontline,0,Other,N,"To the Vireo Customer Care Team,  I am writing with reference to my order of spare case (VR899110) placed on August 07. Want to cancel my order. I have tried cancel button, greyed out. I request you t"
TK-243374,Chat Frontline,1,Other,N,"team, order status stuck on shipped since 31 jul pulse2 urgent"
TK-243376,Voice Frontline,0,Connectivity,Y,[IVR transcript] hey it connects for a second and then vanishes from the device list kindly do the needful
TK-243377,Email Frontline,0,Warranty & Repair,Y,"Dear Sir/Madam,  I am writing with reference to my order of Pulse2 placed on July 17. No update on my repair. I havve emailed twice. I request you to provide a resolution witihn 3 working days.  Regar"
TK-243388,Email Frontline,0,Other,N,"Hello Vireo, Got the fit band from vireo.in recently. Promo code shows invalid. How do I get this fixed? Please revert Reyansh"
TK-243391,Voice Frontline,0,Delivery & Shipping,Y,[IVR transcript] package not delivered even after 16 days
TK-243398,Email Frontline,0,Other,N,"hey ordered the wrong colour, don't ship it airlite earbuds VR897841"
TK-243408,Email Frontline,0,Billing & Payments,Y,"dear sir/madam,  i am writing w/ reference to my order of nexa 2 (vr890503) placed on 04 aug. the page failed after i paid and now nothing shows in my account. i have checked bank statement. i request"
TK-243417,Email Frontline,0,Delivery & Shipping,Y,"hey change of mind, please stop the shipment"
TK-243419,Email Frontline,0,Delivery & Shipping,Y,Not acceptable at this price. THIS IS REGARDING MY STRATA 3 HEADPHONES. update my shipping address. I arleady tried editing in app. This is the last time I buy from you.
TK-243420,Email Frontline,0,Audio Quality,Y,Not what I expected from Vireo. This is regarding my Pulse. mic not working on calls. I ALREADY TRIED DIFFERENT APPS. Escalate this to someone senior.
TK-243427,Email Frontline,0,Other,N,relly frustrating. ordered my nexa 2 watch a month ago. i moved houses yesterday and the odrer is going to the old flat. i already tried editing in app. this is the last time i buy from you.
TK-243432,Email Frontline,0,App & Firmware,Y,This is very disappointing.  This is regarding my Nexa. I have to tap ten times for one swipe to register. I already updated firmware. Refund. Now
TK-243439,Chat Frontline,0,Other,N,"Hello, This is regarding my Pulse 2. Ordered the wrong colour, don't ship it. I tried cancel button, greyed out. This is very disappointing. Can someone fix this? Awaiting response Mohammed Joshi"
TK-243447,Chat Frontline,0,Delivery & Shipping,Y,"Dear team, I bought the Nexa 2 on August 05.  Change of mind, pls stop the shipment. Please call me on my rgeistered number. Thanks & regards, Ananya Iyer"
TK-243454,Chat Frontline,0,Billing & Payments,Y,"helo upi shows success, your app shows nothing airlite earbuds ??"
TK-243459,Email Frontline,1,Other,N,goes from full to empty during one commute
TK-243464,Chat Frontline,0,Other,N,"Hi team, Got my Pulse from Flipkart 2 weeks ago. Please cancel, ordered by mistake. I tried cancel button, greyed out. Nothing changed. Please help. PLEASE REVERT,"
TK-243468,Email Frontline,0,Delivery & Shipping,Y,Product: my Pulse Order: VR890506 Purchased: August 08 Issue: I haven't received my order Tried: checked with neighbours Expected: replacement
TK-243485,Email Frontline,0,Other,N,hello payment went through but i got no order id orbit mini ??
TK-243504,Chat Frontline,0,Other,N,hi cancel oder vr888369 pls reply
TK-243509,Chat Frontline,0,Delivery & Shipping,Y,Product: replacement case Order: VR900173 Purchased: 05 Aug Issue: need to change delivery address Tried: tried editing in app Expected: refund
TK-243512,Chat Frontline,0,Other,N,"Dear Sir/Madam, I bought Nexa watch on 14/08. Entered wrong pincode. I tried editing in app. Nothing changed. Please advise."
TK-243537,Chat Frontline,0,Other,N,this is regardinng pulse2.  i moved houses yesterday and the order is going to the old flat. i tried editing in app. nothing changed. i want a replacement. thank you
TK-243539,Email Frontline,0,Delivery & Shipping,Y,"hi there, pulse 2 buds purchased a month ago, order vr882278. order not delivered, tracking not updating. i checked wiht neighbours. nothing changed. how do i get this fixed? please revert,"
TK-243545,Chat Frontline,2,Product Enquiry,Y,Got Orbit speaker from vireo.in a month ago. Is Orbit speaker compatible with my TV. Please help
TK-243551,Email Frontline,0,Other,N,"Hey, Got the cable from vireo.in last month. Entered wrong pincode. Kindly look into it. Regards"
TK-243568,Voice Frontline,0,Other,N,[IVR transcript] card charged two times
TK-243578,Voice Frontline,0,Delivery & Shipping,Y,Pathetic experience honestly. I bought Pulse 2 on August 11. update my shipping address. I already tried editing in app. This is the last time I buy from you.
TK-243593,Chat Frontline,0,Delivery & Shipping,Y,bhai i haven't received my order the orbit smart speaker vr896256 kindly do the needful
TK-243610,Email Frontline,0,Other,N,Product: Nexa watch Purchased: 08/08 Issue: I moved houses yesterday and the order is going to the old flat Tried: tried editng in app Expected: cllback
TK-243621,Chat Frontline,0,Other,N,"dear sir/madam,  i am writnig wtih reference to my order of the nexa smartwatcch (vr891853) placed on 21 may.  i moved houses yesterday and the order is gonig to the old flat. i hae tried editinng in "
TK-243626,Chat Frontline,0,Delivery & Shipping,Y,"product: the pulse 2 earbuds order: vr887577 purchased: 14-08-2025 issue: change of mind, please stop the shipment tried: tried cancel button, grreyed out expected: refund"
TK-243631,Chat Frontline,0,Other,N,"ordered the wrong colour, don't shp it"
TK-243639,Chat Frontline,1,Other,N,cancel order vr890103. vr890103. how do i get this fixed?
TK-243651,Chat Frontline,0,Delivery & Shipping,Y,sir ji update my shipping address bahut pareshan hu ??
TK-243654,Voice Frontline,0,Other,N,"hii my son ordered this without asking, please reverse anyone there"
TK-243659,Chat Frontline,0,Other,N,"hi vireeo support, this is regarding replacement case. ordered the wrong colour, don't ship it. i tried cancel button, greyed out. nothing changed. can someone fix this? thanks"
TK-243662,Email Frontline,0,Other,N,the app closes itself the moment I tap on my device
TK-243698,Email Frontline,0,Other,N,"bought my orbit around august 12 from amazon. i moved houses yesterday & the order is going to the old flat. need this sorted this week. thanks & regards,"
TK-243708,Voice Frontline,0,Delivery & Shipping,Y,[IVR transcript] helo need to change delivery address urgent
TK-243720,Chat Frontline,0,Warranty & Repair,Y,"To the Vireo Customer Care Team,  I am writing with reeference to my order of the Pulse buds (VR904717) placed on 14-05-2025.  No update on my repair. I have emailed twice. I request u to provide a re"
TK-243731,Email Frontline,0,Delivery & Shipping,Y,"dear team, got the fit band from vireo.in in august. my order has not been delivered yet. i checked the tracking page daily. nothing changed. please call me on my registered number. awaiting response,"
TK-243757,Email Frontline,0,Audio Quality,Y,Product: my Pulse 2 Order: VR896321 Purchased: 27 Feb Issue: microphone is very low on the my Pulse 2 Tried: tried different apps Expected: refund
TK-243787,Email Frontline,0,Other,N,hii order status stuck on shipped since 21-08-2025 the mini speaker vr887959 pls reply
TK-243799,Email Frontline,0,Other,N,"Dear Sir/Madam, Got Pulse earbuds from Amazon a month ago. It has been 14 days and I have nothing in hand. I checked with neighbours. I watn a replacement. Thanks & regards, Simran Dhillon"
TK-243821,Chat Frontline,0,Returns & Refunds,Y,"dear sir/madam, i bougt my strata 3 headphones on august 10. warranty claim pending for 19 days. i emailed twice. nothing changed. i want my money back. thanks & regrads ayaan kappoor"
TK-243824,Email Frontline,1,Other,N,hey diees by lunchtime with lihgt use kindly do the needful
TK-243832,Chat Frontline,0,Other,N,"Product: my Nexa 2 watch Order: VR883830 Purchased: August 22 Issue: cancel order VR883830 Tried: tried cancel button, greyed out Expected: fix"
TK-243833,Email Frontline,0,Other,N,my company accounts team is asking for the tax bill.  please clal me on my registered number
TK-243836,Email Frontline,0,Other,N,"Hello, Bought Nexa 2 aroud 16 Jul from vireo.in.  The little metal pin fell out and now it won't stay on my wrist. I tred to fix pin. Nothing changed. I want a replacement. Reards Shreya Naidu"
TK-243859,Voice Frontline,0,Other,N,"[IVR transcript] really frustrating.  order vr899844 (my nexa 2 watch). money debited but order not showing. i already checked bank statement. i want a replacemnt or refund, nothing else."
TK-243869,Chat Frontline,0,Other,N,want to cancel my order - kindly look into it
TK-243871,Chat Frontline,0,Other,N,"hello, got my pulse from vireo.in a month ago. order status stuck on shpiped since 21-08-2025. i checked the tracikng page daily. how do i get this fixed? thanks"
TK-243874,Chat Frontline,0,Warranty & Repair,Y,"Hey, the AirLite buds purchased last month, order VR892660.  Claim number RMA55147, anyone alive there?. I called service centre. How do I get this fixed? Thank you, Arjun Siddiqui"
TK-243876,Email Frontline,0,Delivery & Shipping,Y,"typo in the flat number, courier will never find it - VR894514 - what do i do now?"
TK-243894,Email Frontline,0,Other,N,"Dear Sir/Madam, Ordered USB-C cable last week. My order has not been delivered yet. Please call me on my registered number."
TK-243896,Chat Frontline,0,Other,N,"Hi team, This is regarding teh nexa smartwatch. Cancel order VR882028. Please help. Regards"
TK-243899,Email Frontline,0,Delivery & Shipping,Y,"product: pulse earbuds purchased: 20 aug issue: change of mind, please stop the shipment tried: tried cancel button, greyed out expected: resolution"
TK-243900,Chat Frontline,0,Other,N,"team, my son ordered this without asking, please reverse please help karo"
TK-243907,Chat Frontline,0,Connectivity,Y,"dear sir/madam,  i am writing with reference to my order of strata 2 placed on 11 aug. not pairing with my phone. i have forgot the device and tried again. i request you to look into this matter at th"
TK-243920,Chat Frontline,2,Other,N,"bhai paid on 29 may, still waiting for something to show up itna paisa diya hai"
TK-243932,Chat Frontline,0,Account & Login,Y,Not what I expected from Vireo. Bought braided cable around November 24 from vireo.in. cannot login to my account. I already tried on another browser. Fix this or I am posting on twitter.
TK-243936,Email Frontline,0,Delivery & Shipping,Y,"typo in the flat number, courier will never find it, need this sorted this week"
TK-243937,Chat Frontline,0,Delivery & Shipping,Y,"really frustrating. strata 3 purchased last week, order vr908610. package not delivered even after 17 days. i already checked the tracking page daily. escalate this to someone senior."
TK-243944,Chat Frontline,0,Delivery & Shipping,Y,hey need to change delivery address the mini speaker ??
TK-243960,Chat Frontline,0,Other,N,"I have been a loyal customer and this is how you treat me. the Nexa 2 purchased 10 days ago, order VR904558. ordered the wrong colour, don't ship it. I ALREADY TRIED CANCEL BUTTON, GREYED OUT. Escalat"
TK-243970,Email Frontline,0,Other,N,your site keeps saying it sent me a code and my phone disagrees
TK-243972,Chat Frontline,0,Other,N,"Dear Sir/Madam,  I am writing with reference to my order of the AirLite buds placed on 22-08-2025. Ordered the wrong colour, don't ship it. I have tried cancel button, greyed out. I request you to loo"
TK-243975,Voice Frontline,0,Other,N,"[IVR transcript] Hey, Bought replacement case around September 01 from vireo.in. Cancel order VR885790. I tried cancel button, greyed out. Need this sorted this week. Thanks in advance, Vikram Pandey"
TK-243983,Chat Frontline,0,Other,N,Product: Pulse earbuds Order: VR883466 Purchased: May 22 Issue: there is a frying sound in the background of every song Tried: changed EQ Expected: refund
TK-243984,Email Frontline,0,Other,N,the paeg failed after I pad and now nothing shows in my account VR893261 need this sorted this week
TK-243993,Chat Frontline,0,Other,N,my bank says Rs 1799 went to u but ur site says I have no orders - VR887485
TK-244026,Email Frontline,0,Delivery & Shipping,Y,ordered the nexa smartwatch recently. need to change delivery address. i tried editing in app. please resolve asap. thanks & reggards gurpreet
TK-244028,Voice Frontline,0,Other,N,"cancel order, how do i get this fixed?"
TK-244035,Chat Frontline,0,Other,N,"Hi team, Ordered orbit mini 10 days ago.  Entered wrong pincode. I tried editing in app. Please resolve asap. PLEASE REVERT LAKSHMI"
TK-244041,Voice Frontline,0,Other,N,"[IVR transcript] hello my dad has an old nokia, will the watch app run pls reply"
TK-244047,Chat Frontline,0,Product Enquiry,Y,"Hi team, This is regarding arilite earbuds. Before I buy - will this tlk to a 2019 Samsung. I have been a loyal customer and this is how you treat me. I want a replacement. Rgds, Rohan"
TK-244062,Email Frontline,0,Delivery & Shipping,Y,"Bought AirLite around 30-08-2025 from Amazon. Tpyo in the flat number, courier will never find it. Please advise. Thanks in advance Priya"
TK-244070,Chat Frontline,0,Other,N,sir ji cancel order vr888552 airlite earbuds pls reply
TK-244096,Email Frontline,0,Other,N,want to cancel my order - VR886240
TK-244097,Email Frontline,0,Other,N,"ths is very disappointing. this is regarding the nexa smartwatch. ordered the wrong colour, don't ship it. i already tried cancel button, greyed out. fix this or i am posting on twitter."
TK-244098,Email Frontline,0,Delivery & Shipping,Y,"Pathetic experience honestly. This is regarding pulse 2 buds. order status stuck on shipped since 05-09-2025. I already checked the tracking page daily. I want a replacement or refund, nothign else"
TK-244102,Chat Frontline,0,Other,N,"Very poor quality. my Pulse purchased 3 weeks back, order VR885198. I have to charge it twice a day now, it used to last days. I already fully charged and discharged twice. Refund. Now."
TK-244109,Chat Frontline,0,Other,N,payment went through but I got no order id need thsi sorted this week
TK-244116,Email Frontline,0,Other,N,"Got Pulse earbuds from Flipkart 3 weeks back. Want to cancl my order. I tried cancel button, greyed out. Nothing changed. Kindly look into it"
TK-244119,Chat Frontline,0,Delivery & Shipping,Y,"bhai change of mind, please stop the shipment 2 weeks ago se my nexa 2 watch pls reply"
TK-244127,Chat Frontline,0,Returns & Refunds,Y,"Hey, This is regarding the AirLite buds. Need the bill with my firm's GSTIN on it. I tried different browser. I want my money back. Rgds"
TK-244138,Email Frontline,0,Other,N,"hi sir ordered the wrong colour, don't ship it kal se my nexa fit band"
TK-244154,Email Frontline,0,Warranty & Repair,Y,Product: my Pulse 2 Order: VR884104 Purchased: July 26 Issue: warranty claim pending for 11 days Tried: called service centre Expected: refund
TK-244163,Email Frontline,0,Other,N,"HEY, GOT ORBIT MINI FROM VIREO.IN AROUND DIWALI. My son ordered this without asking, please reverse. I tried cancel button, greyed out. Please advise. Thanks in advance, Aadhya"
TK-244168,Chat Frontline,0,Other,N,helo i moved houses yesterday and the oredr is going to the old flat orbit speaker help
TK-244177,Email Frontline,1,Other,N,my order has not been delivered yet
TK-244185,Email Frontline,0,Other,N,"namaste, bought pulse2 around 07-09-2025 from vireo.in. card charged two times. i checked with bank. nothing changed. can someone fix this? regards, geeta siddiqui"
TK-244189,Chat Frontline,0,Other,N,"Dear Sir/Madam,  I am writing with reference to my order of my Pulse 2 placed on September 11. Cancel order. I have tried cancel button, greyed out. I request you to kindly arrange a replacement.  Reg"
TK-244230,Email Frontline,0,Other,N,"Got Orbit speaker from Flipkart recently.  Ordered the wrong colour, don't ship it. I tried cancel button, greyed out. Please advise. Thank you, Swati"
TK-244233,Email Frontline,0,Delivery & Shipping,Y,"Dear Sir/Madam,  I am writng with reference to my order of my Strata 3 headphones placed on 10/09. Change of mind, please stop the shipment. I have tried cancel button, greyed out. I request you to pr"
TK-244242,Email Frontline,2,Other,N,hi will this survive a shower my pulse 2
TK-244245,Email Frontline,0,Delivery & Shipping,Y,"Dear Sir/Madam, Bought the neckband around 04/09 from vireo.in. I haven't received my order. Need this sorted this week"
TK-244262,Email Frontline,0,Other,N,"Product: Pulse earbuds Order: VR905358 Purchased: September 05 Issue: my dad has an old Nokia, will the watch app run Expected: replacement"
TK-244296,Chat Frontline,0,Delivery & Shipping,Y,"hello typo in teh flat number, courier will never find it pls reply"
TK-244297,Email Frontline,0,Other,N,"hello ji paid on 08/09, still waiting for something to show up nexa 2 VR888674 kindly do the needful"
TK-244308,Chat Frontline,1,Delivery & Shipping,Y,"To the Vireo Customer Care Team,  I am writing with reference to my order of spare case placed on September 11.  Change of mind, please stop the shipment. I have tried cancel button, greyed out. I req"
TK-244316,Chat Frontline,1,Other,N,"hi there, ordered my arc 10 days ago. cancel order. i tried cancel button, greyed out. nothing changed. can someone fix this? regards"
TK-244328,Voice Frontline,0,Other,N,"very poor quality.  ordered nexa 2 in september. cancel order. i already tried cancel button, greyed out. refund. now."
TK-244330,Chat Frontline,0,Other,N,"team, card charged two times abhi tak kuch nhai hua hello??"
TK-244346,Chat Frontline,0,Billing & Payments,Y,"Hi Vireo support, I bought the mini speaker on 12-09-2025. Paid via UPI, amount deducted, no order confirmation. I checked bank statement. Nothing changed. Please help. Thanks in advance"
TK-244351,Chat Frontline,0,Other,N,"Product: my Arc Order: VR891435 Purchased: 19/09 Issue: my son ordered this without asking, please reverse Tried: tried cancel button, greyed out Expected: fix"
TK-244362,Chat Frontline,1,Other,N,"Hi there, I bought my Nexa 2 watch on 20 Sep. Plesae cancel, ordered by mistake. Neeed thhis sorted this week. Thanks & regards,"
TK-244366,Voice Frontline,0,Other,N,[IVR transcript] Honestly regretting this purchase. I bought the mini speaker on 11 Sep. card charged two times. I already checked with bank. This is the last time I buy from you.
TK-244381,Email Frontline,0,Other,N,"honestly regretting this purchase. got your charger from amazon 2 weeks ago. cancel order. i already tried cancel button, greyed out. this is the last time i buy from you."
TK-244389,Chat Frontline,0,Returns & Refunds,Y,"Dear Sir/Madam, This is regarding my Strata 3 headphones. My son ordered this without asking, please reverse. I want my money back."
TK-244405,Chat Frontline,0,Other,N,my bank says Rs 4999 went to u but your site says I have no orders - kindly look into it
TK-244413,Email Frontline,0,Other,N,"hi sir my son ordered this without asking, please reverse itna paisa diya hai spare case"
TK-244428,Chat Frontline,0,Warranty & Repair,Y,"Dear team, Bought Pullse earbuds around 16 Aug from vireo.in. Warraty claim pendinng for 4 days. I called service centre. Nothing changed. Please help. Rgds"
TK-244430,Voice Frontline,0,Billing & Payments,Y,"Hello Vireo, Got airlite earbuds from Amazon last week. Paid via UPI, amount deducted, no order confirmation. Please resolve asap. Awaiting response, Harsh Malhotra"
TK-244433,Chat Frontline,0,Other,N,"Hi Vireo support, Got braided cable from vireo.in last month. Updte my shipping address. I tried editing in app. Kindly look into it. Regards Steven Shha"
TK-244443,Chat Frontline,1,Charging & Battery,Y,hii battery backup is terrible now hello??
TK-244469,Chat Frontline,0,Product Enquiry,Y,"Dear Sir/Madam,  I am writing with reference to my order of pulse 2 buds placed on 01/10. Before I buy - will this talk to a 2019 Samsung. I request you to kindly arrange a replacement.  Yours faithfu"
TK-244473,Chat Frontline,0,Connectivity,Y,bhai audio keeps disconnecting every few minutes 2 weeks ago se my pulse 2 kindly do the needful
TK-244474,Email Frontline,0,Other,N,"MY SON ORDERED THIS WITHOUT ASKING, PLEASE REVERSE VR898810"
TK-244506,Email Frontline,1,Delivery & Shipping,Y,"change of mind, pls stop the shipment. vr909449. need this sorted this week"
TK-244512,Chat Frontline,0,Delivery & Shipping,Y,"hello ji order not delivered, tracking not updating in September se urgent"
TK-244514,Chat Frontline,1,Delivery & Shipping,Y,I have been a loyal cuustomer and this is how you treat me. Bought Nexa watch around 21/09 from vireo.in. I haven't received my order. I already checked the tracking page daily. Refund. Now.
TK-244519,Chat Frontline,0,Other,N,hii your ad said 20% off and the cart says full price urgent
TK-244520,Chat Frontline,0,Delivery & Shipping,Y,"This is regarding my Strata 3 headphones. Typo in the flat number, courier will never find it. I tried editing in app. Honestly regretting this purchase. Need this sorted this week."
TK-244538,Chat Frontline,0,Other,N,"Hello Vireo, Got my Nexa from vireo.in last month.  PLEASE CANCEL, ORDERED BY MISTAKE. I tried cancel button, greyed out. Can someone fix this? Awaiting response Imran Varghese"
TK-244555,Email Frontline,1,Charging & Battery,Y,"HEY BATTERY DRAINS VERY FAST, BARELY LASTS 2 HOURS MY PULSE 2 KINDLY DO THE NEEDFUL"
TK-244579,Chat Frontline,0,Other,N,"team, pls cancel, ordered by mistake abhi tak kuch nahi hua the strata 3 pls reply"
TK-244581,Chat Frontline,0,Charging & Battery,Y,Product: pulse 2 buds Order: VR909531 Purchased: 29-08-2025 Issue: battery draining even when not in use Tried: updated the app Expected: fix
TK-244583,Chat Frontline,0,Delivery & Shipping,Y,"hello vireo, bought pulse2 around 16 sep from vireo.in. i haven't received my order. i called the courier. please advise. regards,"
TK-244591,Chat Frontline,0,Other,N,"product: strata 3 order: vr889289 purchased: 14 oct issue: cancel order vr889289 tried: tried cancel button, greyed out expected: caallback"
TK-244598,Chat Frontline,0,Returns & Refunds,Y,Ordered the Pulse 2 earbuds 2 weeks ago. Payment was deducted but no order was created. I want my money back. Thanks & regards
TK-244599,Chat Frontline,0,Other,N,"namaste, got my nexa fit band from vireo.in 10 days ago. it has been 21 days and i have nothing in hand. how do i get this fixed? thanks & regards,"
TK-244601,Chat Frontline,0,Audio Quality,Y,I have been a loyal customer and this is how you treat me. This is regarding pulse 1. people cannot hear me on calls. I already checked mic permissions. Refund. Now
TK-244605,Voice Frontline,0,Audio Quality,Y,"[IVR transcript] namaste, ordered my strata 3 headphones a month ago. static noise when playing music. i changed eq. nothing changed. please call me on my registered number."
TK-244607,Voice Frontline,0,Billing & Payments,Y,"Hi team, Order VR880885 (the Nexa 2).  The invoice PDF link gives a 404. Can someone fix this? Thanks & regards, Payal Pillai"
TK-244613,Chat Frontline,0,Billing & Payments,Y,"hello, i bought the pulse 2 earbuds on september 23. need gst invoice for my order. how do i get this fixed? rgds"
TK-244621,Email Frontline,0,Other,N,"To the Vireo Customer Care Team,  I am writing with reference to my orrder of my Strata 2 headphones (VR899311) placed on 07/07. There is a frying sound in the background of eveery song. I have tried "
TK-244628,Email Frontline,0,Delivery & Shipping,Y,"very poor quality. this is regarding nexa 2. update my shipping address. i already tried editing in app. i want a replacemetn or refund, nothing else."
TK-244637,Voice Frontline,0,Other,N,[IVR transcript] not acceptable at this price. ordered the pulse buds a month ago. my bank says rs 3499 went to you but your site says i have no orders. i already waited 24 hours. refund. now.
TK-244638,Voice Frontline,0,Other,N,[IVR transcript] it has been 7 days and I have nothing in hand.  need this sorted this week
TK-244641,Voice Frontline,0,Delivery & Shipping,Y,[IVR transcript] HEY UPDATE MY SHIPPING ADDRESS PULSE2 VR885254 URGENT
TK-244642,Chat Frontline,0,Other,N,"product: airlite order: vr882960 purchased: 06/10 issue: my dad has an old nokia, will the watch app run expected: refund"
TK-244647,Voice Frontline,0,Billing & Payments,Y,[IVR transcript] not what i expected from vireo. order vr894030 (the nexa 2). i was charged twice for one order. i already waited a week. fix this or i am posting on twitter
TK-244649,Chat Frontline,0,Other,N,helol entered wrong pincode
TK-244655,Chat Frontline,0,Connectivity,Y,"Hi there, Got my Nexa 2 watch from Amazon 3 weeks back. Not pairing w/ my phone. I tried on another phone. Nothing changed. Can someone fix this? Please revert Ankit"
TK-244672,Email Frontline,0,Other,N,hii want to cancel my order
TK-244682,Chat Frontline,0,Other,N,"hello pls cancel, ordered by mistake"
TK-244686,Email Frontline,0,Other,N,helo can't get past the loading screen in the app pulse 2
TK-244694,Chat Frontline,0,Delivery & Shipping,Y,"Hi Vireo support, This is regarding Arc neckband.  Package not delivvered even after 6 days. I CHECKED THE TRACKING PAGE DAILY. Nothing changed. I have been a loyal customer and this is how you treat "
TK-244724,Chat Frontline,0,Other,N,"product: my nexa 2 watch purchased: october 04 issue: please cancel, ordered by mistake tried: tried cancel button, greyed out expected: fix"
TK-244725,Chat Frontline,0,Other,N,"Dear Sir/Madam, I bought my Nexa 2 watch on 16/06. It has been 13 days and I havve nothing in hand. Kindly look into it. Thank you Neha Roy"
TK-244755,Voice Frontline,0,Connectivity,Y,"Hi, This is regarding Nexa 2. Can I connect two Nexa 2 together. How do I get this fixed?"
TK-244782,Voice Frontline,0,Other,N,[IVR transcript] hey cancel order vr902345 ??
TK-244783,Email Frontline,0,Delivery & Shipping,Y,"Product: the GaN charger Order: VR885666 Purchased: 22 Sep Issue: tyop in the flat number, courier will never find it Tried: tried editing in app Expected: refund"
TK-244784,Chat Frontline,0,Audio Quality,Y,buzzing sound from the speaker. VR908385. pls help
TK-244785,Chat Frontline,0,Connectivity,Y,it connects for a second and then vanishes from the device list VR905234
TK-244792,Chat Frontline,0,Delivery & Shipping,Y,Product: the fit band Order: VR896475 Purchased: October 01 Issue: update my shipping address Tried: tried editing in app Expected: replacement
TK-244794,Voice Frontline,0,Other,N,"[IVR transcript] This is regarding my Orbit. My son ordered this without asking, please reverse. I tried caancel button, greyed out. Nothing changed. Not acceptable at this price. Please call me on my"
TK-244816,Email Frontline,0,Billing & Payments,Y,Honestly regretting this purchase. Order VR908452 (my Strata 2 headphones). I was charged twice for one order. I already checked with bank. Refund. Now.
TK-244824,Email Frontline,0,Delivery & Shipping,Y,"Honestly regretting this purchase.  Ordered my Nexa 2 watch last month. typo in the flat number, courier will never find it. I already tried editing in app. This is the last time I buy from you."
TK-244837,Chat Frontline,0,Other,N,"hey please cancel, ordered by mistake"
TK-244849,Email Frontline,0,App & Firmware,Y,Product: my Strata 2 headphones Order: VR880789 Purchased: 27-04-2025 Issue: app not opening after update Tried: reinstalled the app Expected: callback
TK-244863,Chat Frontline,0,Other,N,"Hi, This is regarding Strata 3. Will this survive a shower. Please advise. Thanks & regards, Daniel Ghosh"
TK-244867,Email Frontline,0,Other,N,"Hello Vireo, Bought pulse 2 buds around 09 Oct from Amazon.  Money debited but order not showing. Waiting for your reply. Thanks in advance Yash"
TK-244880,Email Frontline,0,Account & Login,Y,not receiving OTP to login.  VR882356
TK-244885,Email Frontline,0,Other,N,"Hey, I bought my Strata 2 headphones on 03-10-2025. Payment was deducted but no order was created. I waited 24 hours. Nothing changed. Can someone fix this? Please revert, Neha"
TK-244888,Email Frontline,0,Account & Login,Y,product: pulse2 order: vr880003 purchased: 25-02-2026 issue: not receiving otp to login tried: tried 5 times expected: replacement
TK-244900,Email Frontline,1,Other,N,product: airlite order: vr909066 purchased: 19/08 issue: sounds like a badly tuned radio now tried: changed eq expected: resolution
TK-244909,Email Frontline,0,Delivery & Shipping,Y,Very poor quality. This is regarding my Pulse. need to change delivery address. I already tried editing in app. ESCALATE THIS TO SOMEOEN SENIOR.
TK-244911,Chat Frontline,0,Other,N,"Hello, Bought my Pulse 2 around 01/10 from vireo.in. Cancel order. Please call me on my registered number. Thanks in advance,"
TK-244914,Chat Frontline,0,Audio Quality,Y,"To the Vireo Customer Care Team,  I am writing with reference to my order of the AirLite buds (VR904650) placed on 30/05. Static noise when playing music. I have tried different apps. I request you to"
TK-244926,Voice Frontline,0,Other,N,"[IVR transcript] I am lsoing patience. Got pulse 2 buds from vireo.in 3 weeks back. my son ordered this wihout asking, please reverse. I already tried cancel button, greyed out. This is the last time "
TK-244960,Chat Frontline,0,Other,N,sir ji waranty claim pending for 11 days please jaldi pls reply
TK-244961,Chat Frontline,0,Other,N,"bhai ordered the wrong colour, don't ship it pls help karo kindly do the needful"
TK-244978,Email Frontline,0,Returns & Refunds,Y,want to cancel my order - i want my money back
TK-244981,Chat Frontline,0,Other,N,hii order status stuck on shipped since 13/10 orbit mini VR905387 help
TK-244983,Voice Frontline,0,Other,N,"please cancel, ordered by mistake need this sorted this week"
TK-244991,Email Frontline,0,Other,N,"my son ordered this without asking, please reverse need this sorted this week"
TK-244992,Chat Frontline,1,Delivery & Shipping,Y,hello the courier marked it delivered but nobody in my house got anything nexa fit vr887545 help
TK-244996,Chat Frontline,0,Delivery & Shipping,Y,"dear sir/madam,  i am writing with reference to my order of nexa fit (vr901082) placed on 11-10-2025. order not delivered, tracking not updating. i have called the courier. i request you to provide a "
TK-244998,Chat Frontline,1,Connectivity,Y,cannnot pair pulse 2 buds wtih my laptop i want my monye back
TK-245001,Email Frontline,0,Delivery & Shipping,Y,hey update my shipping address nexa 2 anyone there
TK-245002,Email Frontline,0,Other,N,Ordered the Pulse buds last week. Payment went through but I got no order id. I waited 24 hours. Nothing changed. Can someone fix this?
TK-245009,Voice Frontline,0,Other,N,[IVR transcript] ENTERED WRONG PINCODE - I WANT A REPLACEMENT
TK-245011,Voice Frontline,0,Connectivity,Y,[IVR transcript] i am losing patience. bought strata 3 around 07/10 from amazon. can i connect two strata 3 together. thhis is the last time i buy from you.
TK-245025,Chat Frontline,1,Delivery & Shipping,Y,"To the Vireo Customer Care Team,  I am writing with reference to my order of Strata 2 placed on 09-10-2025.  Order status stuck on shipped since 09-10-2025. I have checked the tracking page daily. I r"
TK-245026,Email Frontline,0,Warranty & Repair,Y,"Dear Sir/Madam, Got the Nexa 2 from vireo.in last month.  Warranty claim pending for 9 days. I called serice centre. Please advise."
TK-245041,Email Frontline,0,Other,N,Product: my Straat 3 headphones Order: VR898157 Purchased: 08-08-2025 Issue: a hiss that wasn't theer when I bought it Tried: tried different apps Expected: replacement
TK-245045,Email Frontline,0,Other,N,"Product: orbit mini Order: VR904274 Purchased: 09 Oct Issue: paid once, statement disagrees Tried: checked with bank Expected: refund"
TK-245046,Chat Frontline,0,Other,N,"team, please cancel, ordered by mistake kindly do the needful"
TK-245047,Chat Frontline,0,Delivery & Shipping,Y,hii i haven't received my order my nexa fit band kindly do the needful
TK-245050,Chat Frontline,0,Other,N,"helo please cancel, ordered by mistake airlite help"
TK-245062,Email Frontline,0,Delivery & Shipping,Y,package not delivered even after 20 dyas
TK-245063,Email Frontline,1,Connectivity,Y,"bluetooth pairing fails every time, i want a replacement"
TK-245064,Chat Frontline,0,Delivery & Shipping,Y,"Hi, Ordered Strata 3 last month. Need to change delivery address. I tried editing in app. Pleae call me on my registered number. Thanks in advance"
TK-245087,Email Frontline,0,Billing & Payments,Y,hi the page failed after i paid & now nothing shows in my account the mini speaker VR891930 pls reply
TK-245097,Email Frontline,1,Account & Login,Y,"Hi Vireo support, Got my Orbit from vireo.in 10 days ago. The login code never arrives, tried 6 times. I treid on another browser. Need thhis sotred this week. Thank you"
TK-245099,Chat Frontline,0,Other,N,"To the Vireo Customer Care Team,  I am writing with reference to my order of airlite earbuds placed on 04-10-2025. Cancel order. I have tried cancel button, greyed out. I request you to kindly arrange"
TK-245102,Voice Frontline,0,Connectivity,Y,"[IVR transcript] hi, bought the pulse buds around 12 jul from vireo.in. pairing is not working. kindly look into it."
TK-245109,Chat Frontline,0,Other,N,cancel order 
TK-245113,Chat Frontline,2,Other,N,hi sir the left one is dead every morning even though it was in the case all night pulse 2
TK-245114,Chat Frontline,0,Connectivity,Y,"To the Vireo Customer Care Team,  I am writing with reference to my order of the Orbit smart speaker placed on September 14. Connection drops constantly. I have kept phone in hand. I request you to pr"
TK-245131,Chat Frontline,0,App & Firmware,Y,"dear sir/madam, order vr887545 (nexa fit). the vireo app keeps crashing. i updated phone. nothing changed. please advise. regards vihaan"
TK-245134,Chat Frontline,0,Delivery & Shipping,Y,"Hi Vireo support, I bought your charger on October 13. Change of mind, please stop the shipment. I tried cancel button, greyed out. Need this sorted this week."
TK-245166,Chat Frontline,0,Other,N,"Hey, Ordered pulse 2 buds last month.  Left bud won't charge even after keeping it in the case overnight. I tried a different cable. Nothing changed. Please advise."
TK-245168,Voice Frontline,1,Delivery & Shipping,Y,"[IVR transcript] Really frustrating. I bought Nexa Fit on October 06. change of mind, pls stop teh shipment. I already tried cancel button, greyed out. Escalate thiis to someone senior."
TK-245169,Email Frontline,0,Delivery & Shipping,Y,"Really frustrating.  AirLite purchased last month, order VR891440. the courier markked it delivered but nobody in my house got anything. I already checked the tracking pae daily. Fix ths or I am posti"
TK-245171,Email Frontline,0,Delivery & Shipping,Y,I have been a loyal customer and this is how you treat me.  Bought Nexa Fit around 19/10 from vireo.in. tracking has said out for delivery for a week now. I already checked with neighbours. Escalate t
TK-245172,Chat Frontline,0,Other,N,"right side works perfectly, left one just does not wake up"
TK-245181,Email Frontline,0,Other,N,hello pyament went through but i got no order id heelp
TK-245191,Chat Frontline,0,Other,N,heol my company accounts team is asking for the tax bill
TK-245196,Chat Frontline,0,App & Firmware,Y,"To the Vireo Customer Cae Team,  I am writnig with reference to my order of Pulse2 (VR889023) placed on October 16.  App not opening afetr update. I have cleared cache. I reuqest you to process a refu"
TK-245205,Chat Frontline,0,Product Enquiry,Y,sir ji is orbit mini compatible with my tv orbit mini urgent
TK-245211,Email Frontline,0,Other,N,want to cancel my order - VR885974
TK-245221,Voice Frontline,0,Other,N,[IVR transcript] Really frustrating. This is regarding orbit mini. my bank shows the same amount twice on the same day. I already checked with bank. This is the last time I buy from you
TK-245230,Chat Frontline,0,Audio Quality,Y,"Hello, I bought Pulse 2 on 20/08. Microphone is very low on the Pulse 2. I tried different apps. Nothing changed. HOW DO I GET THIS FIXED?"
TK-245234,Email Frontline,1,Other,N,"Namaste, This is regarding Pulse earbuds. Does Pulse earbuds work with iPhone. Please call me on my registered number. Thanks & regards"
TK-245246,Chat Frontline,0,Other,N,"Hello Vireo, Bought the neckband around 10/10 from Amazon. Please cancel, ordered by mistake. I tried cancel button, greyed out. I want a replacement. Thanks & regards, Arjun"
TK-245250,Email Frontline,0,Connectivity,Y,speaker not connecting to my router
TK-245254,Chat Frontline,0,Delivery & Shipping,Y,"change of mind, please stop the shipment VR884656"
TK-245257,Chat Frontline,0,Other,N,"my order has not been delivered yet, what do i do now?"
TK-245258,Chat Frontline,0,Billing & Payments,Y,"product: the gan charger order: vr900455 purchased: october 09 issue: paid via upi, amount deducted, no order confirmation tried: waited 24 hours expected: callback"
TK-245259,Chat Frontline,0,Other,N,it has been 17 daays and i have nothing in hand. please resolve asap
TK-245260,Chat Frontline,0,Other,N,"Dear Sir/Madam, This is regarding Pulse 2. Cancel order VR891706. I tried cancel button, greyed out. Nothing changed. Kindly look into it. Rgds Zaid"
TK-245263,Voice Frontline,0,Other,N,"hi please cancel, oredred by mstake pulse earbuds vr885866 pls reply"
TK-245265,Email Frontline,0,Returns & Refunds,Y,my order has not been delivered yet.  i want my money back
TK-245277,Email Frontline,0,Other,N,"Got the mini speaker from vireo.in around Diwali. Cancel order VR894726. I tried cancel button, greyed out. Nothing changed. Not what I expected from Vireo. Waiting for your reply. Rgds, Joseph"
TK-245278,Email Frontline,0,Billing & Payments,Y,"hello upi shows success, your app shows nothing hello??"
TK-245294,Voice Frontline,0,Warranty & Repair,Y,i am losing patience. this is regarding pulse earbuds. no update on my repair. i already called service centre. escalate this to someone senior.
TK-245295,Email Frontline,1,Other,N,"product: pulse 2 buds order: vr904065 purchased: october 21 issue: want to cancel my order tried: tried cancel button, greyed out expected: callback"
TK-245298,Email Frontline,1,Other,N,"hi pls cancel, ordeerd by mistake the strata 3 VR886304 help"
TK-245300,Email Frontline,0,Billing & Payments,Y,"Namaste, Bought Pulse2 around 11-10-2025 from vireo.in. I was charged twice for one order. What do I do now?"
TK-245305,Chat Frontline,0,Billing & Payments,Y,"Dear Sir/Madam, This is regarding pulse 2 buds.  Need GST invoice for my order. I tried different browser. Can someone fix this? Rgds Zaid"
TK-245306,Chat Frontline,1,Charging & Battery,Y,"Dear team, Got Pulse eaarbuds from Amazon last month. Battery life has dropped to almost nothing. Please call me on my registered number."
TK-245310,Email Frontline,0,Warranty & Repair,Y,"Hello Vireo, Bought Pulse earbuds around 31 May from Flipkart.  No update on my repair. I called service centre. Nothing changed. Not what I expected from Vireo. Please help. Regards, Meera"
TK-245315,Chat Frontline,0,Product Enquiry,Y,Product: the strata 3 Order: VR881478 Purchased: 11 Oct Issue: is the strata 3 compatible with my TV Expected: callback
TK-245325,Chat Frontline,0,Other,N,"Hello Vireo, Pulse earbuds purchased in October, order VR906999. Paid on 25-10-2025, still waiting for something to show up. I want a replacement. Regards,"
TK-245331,Email Frontline,1,Other,N,"Pathetic experiennce honestly. Ordered Strata 2 recently. please cancel, ordered by mistake. I already tried cancel button, greyed out. This is the last time I buy from you."
TK-245351,Chat Frontline,0,Other,N,Product: my Nexa Fit band Purchased: 21 Oct Issue: payment went through but I got no order id Tried: waited 24 hours Expected: refund
TK-245354,Chat Frontline,0,Other,N,helo cancel order  the pulse buds hello??
TK-245356,Chat Frontline,0,Other,N,helo my company accounts team is askinng for the tax bill 65w chargger anyone there
TK-245363,Chat Frontline,0,Warranty & Repair,Y,"Namaste, Ordered teh Pulse 2 earbuds in October. No update on my repair. How do I get this fixed?"
TK-245365,Chat Frontline,0,Other,N,"Hi, Nexa 2 purchased in October, order VR890821. My bank says Rs 3499 wnet to you but your site sayys I have no orders. I checked bank statement. I wat a replacement. Thanks & regards,"
TK-245386,Chat Frontline,0,Delivery & Shipping,Y,"not what i expected from vireo.  nexa 2 purchased 3 weeks back, order vr887177. package not delivered even after 4 days. i already called the courier. this is the last time i buy from you."
TK-245393,Chat Frontline,0,Delivery & Shipping,Y,"really frustrating. order vr884047 (pulse 2). tyypo in the flat number, courier will never find it. i already tried editing in app. refund. now."
TK-245399,Chat Frontline,0,Other,N,"Dear team, Ordered teh Pulse busd in October. Cancel order. Please call me on my registered number. Please revert, Farah"
TK-245406,Voice Frontline,0,Warranty & Repair,Y,"Pathetic experience honestly. This is regaridng my Pulse. no update on my repair. I already called service centre. I want a replacement or refund, nothing else."
TK-245408,Chat Frontline,0,Other,N,"my son ordered thsi witohut asking, please reverse kindly look into it"
TK-245422,Chat Frontline,0,Other,N,cancel order VR908470
TK-245424,Chat Frontline,0,Other,N,"Hello Vireo, Got Arc neckband from vireo.in last week. Money debited but order not showing. I checked bank statement. Nothing changed. Please help. Rgds Rohit"
TK-245432,Email Frontline,0,Delivery & Shipping,Y,"Hello Vireo, Got Pulse 2 from vireo.in last week.  Need to change delivery address. I tried editing in app. Not what I expected from Vireo. How do I get this fixed? Thanks,"
TK-245445,Chat Frontline,0,Other,N,"hi ordered the wrong colour, don't ship it"
TK-245455,Email Frontline,0,Delivery & Shipping,Y,Product: replacement case Order: VR890684 Purchased: 24/10 Issue: update my shipping address Tried: tried editing in app Expected: fix
TK-245462,Voice Frontline,0,Other,N,"[IVR transcript] Dear Sir/Madam, the Pulse buds purchased around Diwali, order VR887175. Cancel order VR887175. I tried cnacel button, greyed out. How do I get this fixed? Thanks & regards,"
TK-245465,Chat Frontline,0,Other,N,"to the vireo customer care team,  i am writing with reference to my order of orbit mini placed on 25 oct.  payment was deducted but no order was created. i have tried logging out and in. i request u t"
TK-245484,Voice Frontline,0,Billing & Payments,Y,"[IVR transcript] coupon code not working, vr910255"
TK-245486,Chat Frontline,0,Product Enquiry,Y,"hi team, bought the strata 3 around 26-10-2025 from amazon. before i buy - will this talk to a 2019 samsung. what do i do now?"
TK-245487,Voice Frontline,1,Delivery & Shipping,Y,"[IVR transcript] hey change of mind, please stop the shipment help"
TK-245516,Chat Frontline,0,Billing & Payments,Y,"Not acceptable at this price.  Ordered Strata 2 in October. UPI shows success, ur app shows nothing. I already waited 24 hours. I want a replacement or refund, nothing else."
TK-245519,Email Frontline,1,Account & Login,Y,"Hi Vireo support, Bought Nexa 2 around 04/09 from Amazon. OTP not coming on my number. I tried on another browser. Please resolve asap."
TK-245541,Chat Frontline,0,Delivery & Shipping,Y,"Hi there, This is regarding the Pulse 2 earbuds.  Order not delivered, tracking not updating. I want a replacement."
TK-245565,Voice Frontline,0,Other,N,"hello vireo, got my pulse 2 from vireo.in aroound diwali. promo code shows invalid. i tried on app and website. nothing changed. i have been a loyal cutomer and this is how you treat me. waiting for y"
TK-245568,Chat Frontline,0,Other,N,"product: pulse 2 purchased: october 23 issue: want to cancel my order tried: tried cancel button, greyed out expected: replacement"
TK-245607,Chat Frontline,0,Other,N,discount was not applied at checkout
TK-245610,Voice Frontline,0,Delivery & Shipping,Y,[IVR transcript] HI SIR PACKAGE NOT DELIVERED EVEN AFTER 16 DAYS KAL SE MY PULSE 2 ??
TK-245619,Chat Frontline,0,Other,N,it has been 17 days and I have noting in hand. can someone fix this?
TK-245621,Chat Frontline,0,Other,N,"dear sir/madam,  i am writing with reference to my order of orbit mini (vr892773) placed on august 25. speaker not powering on at all. i have tried different socket. i request you to provide a resolut"
TK-245633,Voice Frontline,0,Connectivity,Y,[IVR transcript] hey bluetooth keeps cutting out strata 3 urgent
TK-245644,Chat Frontline,0,Delivery & Shipping,Y,"Dear Sir/Madam,  I am writing with reference to my order of Pulse 2 placed on 15-08-2025. Update my shipping address. I have tried editing in app. I request you to look into this matter at the earlies"
TK-245672,Chat Frontline,0,Other,N,"To the Vireo Customer Care Team,  I am writing with reference to my order of airlite earbuds placed on November 02.  Ordered the wrong colour, don't ship it. I have tried cancel button, greyed out. I "
TK-245675,Chat Frontline,1,Warranty & Repair,Y,Product: Nxea 2 Order: VR899877 Purchased: 17-09-2025 Issue: no update on my repair Tried: emailed twice Expected: fix
TK-245676,Chat Frontline,0,Delivery & Shipping,Y,"dear sir/madam, ordered my nexa last month. i haven't received my order. i checked with neighbours. please advise"
TK-245686,Voice Frontline,1,Audio Quality,Y,"[IVR transcript] Not acceptable at this price. I bought the Pulse 2 earbuds on September 21. buzzing sound from the speaker. I already tried wired mode. I want a replacement or refund, nothing else"
TK-245689,Email Frontline,1,Other,N,"team, please cancel, ordered by mistake please jaldi pulse 1 urgent"
TK-245694,Email Frontline,0,Other,N,"Namaste, I bought pulse 2 budds on 26 Sep. App shows teh letf at 0 percent no matter how long its in the case. What do I do now?"
TK-245699,Voice Frontline,0,Other,N,"pulse 2 purchased last week, order vr898475. i sent the unit in 18 days ago and have heard nothing. please caall me on my registered number."
TK-245700,Email Frontline,0,Other,N,my oredr has not been delivered yet
TK-245708,Chat Frontline,0,Other,N,"To the Vireo Cusotmer Care Team,  I am writing wtih reference to my ordder of my Arc placed on September 08. I have to charge it twice a day now, it used to last days. I have updated the app. I reques"
TK-245712,Chat Frontline,0,Billing & Payments,Y,"paid via upi, amount deducted, no order confirmation kindly look into it"
TK-245723,Voice Frontline,0,Other,N,[IVR transcript] Very poor quality. Bought Nexa 2 around 10-04-2025 from Flipkart. entered wrong pincode. I already tried editing in app. Escalate this to someone senior
TK-245732,Voice Frontline,0,Product Enquiry,Y,[IVR transcript] pathetic experience honestly.  ordered the mini speaker in november. before i buy - will this talk to a 2019 samsung. escalate this to someone senior.
TK-245736,Email Frontline,0,Billing & Payments,Y,Product: pulse 2 bus Order: VR887589 Purchased: 29/10 Issue: the pge failed after I paid and now nothing shows in my account Tried: tried logging out and in Expected: resolution
TK-245740,Chat Frontline,0,Other,N,"ordered the wrong colour, don't ship it - VR892890 - how do i get this fixed?"
TK-245759,Email Frontline,1,Billing & Payments,Y,"dear sir/madam,  i am writing with reference to my order of replacement case placed on 05/11. paid via upi, amount deducted, no order confirmation. i have tried logging out and in. i request you to pr"
TK-245765,Chat Frontline,0,Delivery & Shipping,Y,"change of mind, please stop the shipment, VR904630, need this sorted this week"
TK-245777,Chat Frontline,0,Other,N,"Honestly regretting this purchase. This is regarding pulse 2 buds. want to cancel my order. I already tried cancel button, greyed out. Thhis is the lsat time I buy from you."
TK-245779,Chat Frontline,0,Connectivity,Y,Not what I expected from Vireo. I bougth Orbit speaker on 16-10-2025. it connects for a second and then vanishes from the device list. I already restarted the phone. Refund. Now.
TK-245789,Chat Frontline,0,Returns & Refunds,Y,"hi vireo support, i bought the neckband on 05 nov. payment wnt through but i got no order id. i checked bank statement. nothing changed. this is verry disappointing. i want my money back. thanks, priy"
TK-245841,Voice Frontline,0,Billing & Payments,Y,hello double payment deducted
TK-245855,Chat Frontline,0,Other,N,Ordered the AirLite buds last month. Payment was deducted but no order was created. I checked bank statement. Nothing changed. I have been a loyal customer and this is how you treat me. What do I do n
TK-245865,Chat Frontline,1,Delivery & Shipping,Y,bhia i haven't received my order in october se my nexa 2 watch anyone there
TK-245876,Email Frontline,0,Other,N,Really frustrating. Bought the Pulse buds around 13-11-2025 from vireo.in. I moved houses yesterday & the order is going to the old flat. I already tried editing in app. I want a replacement or refund
TK-245904,Chat Frontline,0,Account & Login,Y,"team, cannot login to my account"
TK-245905,Chat Frontline,1,Delivery & Shipping,Y,"hello ji typo in the flat number, couirer will never find it bahut pareshan hu my pulse 2 kindlly do the needful"
TK-245908,Email Frontline,0,Other,N,hey cancel order vr893437 anyone there
TK-245917,Voice Frontline,0,Other,N,[IVR transcript] not what i expected from vireo. i bought my nexa fit band on 05 nov. my order has not been delivered yet. i already checked with neighbours. this is the last time i buy from you.
TK-245919,Chat Frontline,0,Other,N,"Hi there, Got plse 1 from vireo.in last week. I moved houses yesterday and the order is going to the old flat. Please help. Thanks & regards, Rohan Saxena"
TK-245927,Email Frontline,0,Other,N,"dear team, ordered strata 2 a month ago. the courir marked it delivered but nobody in my house got anything. i cheecked with neighbours. nothing changed. waiting for your reply. awaiting response, roh"
TK-245928,Chat Frontline,0,Other,N,"product: pulse 2 order: vr882049 purchased: 01/11 issue: please cancel, ordered by mistake tried: tried cancel button, greyed out expected: fix"
TK-245929,Chat Frontline,0,Billing & Payments,Y,helo the page failed after i paid & now nothing shows in my account help
TK-245937,Chat Frontline,0,Charging & Battery,Y,battery life has dropped to almost nothing
TK-245941,Chat Frontline,0,Delivery & Shipping,Y,"Not acceptable at this price. Got the Pulse 2 earbuds from vireo.in last week. typo in the falt number, courier will never find it. I already tried editing in app. This is the last time I buy from you"
TK-245948,Voice Frontline,0,Product Enquiry,Y,hii before i buy - will this talk to a 2019 samsung spare case ??
TK-245950,Chat Frontline,0,Other,N,"Dear Sir/Madam,  I am writing with reference to my order of the Pulse 2 earbuds (VR899506) placed on 11/11. Entered wrong pincode. I have treid editing in app. I request you to kindly arrange a replac"
TK-245951,Chat Frontline,0,Delivery & Shipping,Y,"Hello Vireo, Bought Strata 2 around 01/11 from Amazon.  Paid on 01/11, still waiting for something to show up. I checked the tracking page daily. Nothing changed. How do I get this fixed?"
TK-245954,Chat Frontline,0,Connectivity,Y,This is veery disappointing.  Got teh AirLite bdus from Flipkart in July. it connects for a second and then vanishes froom the device list. I already forgot the device and tied again. Fix thiis or I a
TK-245958,Email Frontline,0,Returns & Refunds,Y,"payment went through but I got no order id, VR904383, i want my money back"
TK-245961,Chat Frontline,0,Delivery & Shipping,Y,"order not delivered, tracking not updating"
TK-245967,Voice Frontline,0,Other,N,[IVR transcript] honestly regretting this purchase. got pulse 2 buds from amazon 2 weeks ago. my bank shows the same amount twice on the same day. i already waited a week. this is the last time i buy 
TK-245975,Voice Frontline,1,Connectivity,Y,[IVR transcript] helo pairing is not working hello??
TK-245976,Chat Frontline,0,Other,N,"Dear Sir/Madam,  I am writing w/ reference to my order of my Pulse 2 (VR887119) placed on 16 Nov.  Please cancel, ordered by mistake. I have tried cancel button, greyed out. I request you to provide a"
TK-245989,Voice Frontline,0,Other,N,"[IVR transcript] I bought my Orbit on November 10. Cancel order. How do I get this fixed? Please revert, Shreya"
TK-245990,Chat Frontline,0,Delivery & Shipping,Y,"Hello, I bought my Nexa Fit band on 09 Nov. Need to change delivery address. I tried editing in app. Need this sorted this week. Regards, Deepak Pandey"
TK-245992,Email Frontline,0,Delivery & Shipping,Y,"Product: the Pulse 2 earbuds Order: VR881259 Purchased: 14 Nov Issue: change of mind, please stop the shipment Tried: tried cancel button, greyed out Expected: fix"
TK-245996,Email Frontline,0,Delivery & Shipping,Y,"order not delivered, tracking not updating.  pls resolve asap"
TK-246006,Email Frontline,0,Warranty & Repair,Y,helo whaat is the status of my warranty claim strata 2 anyone there
TK-246011,Email Frontline,0,Charging & Battery,Y,"Hi there, I bought my Strata 2 headphones on September 29. Battery backup is terrible now. Please help. Thanks in advance, Lobsang"
TK-246014,Chat Frontline,0,Delivery & Shipping,Y,"order not delivered, tracking not updating. waiting for your reply"
TK-246017,Email Frontline,0,Other,N,"paid once, statement disagrees"
TK-246022,Email Frontline,0,Other,N,"hey, got orbti mini from vireo.in 3 weeks back. my son ordered this without asking, please reverse. i tried cancel button, greyed out. nothing changed. waiting for your reply."
TK-246023,Email Frontline,0,Other,N,"Dear team, Ordered my Pulse 2 3 weeks back. Want to cancel my order. I tried cancel button, greyde out. I want a replacement."
TK-246035,Email Frontline,0,Other,N,"Hello Vireo, This is regrding pulse 2 buds. My dad has an old Nokia, wll the watch app run. Can someone fix this? Rgds Kabir Malhotra"
TK-246044,Email Frontline,0,Other,N,hello order status stuck on shipped since 13/11
TK-246068,Voice Frontline,0,Other,N,[IVR transcript] cancel order VR896827
TK-246069,Chat Frontline,0,Billing & Payments,Y,"paid via UPI, amount deducted, no order confirmation"
TK-246079,Email Frontline,0,Warranty & Repair,Y,"claim number rma64320, anyone alive there?. vr890574"
TK-246083,Chat Frontline,0,Other,N,"Product: Pulse earbuds Purchased: 13/11 Issue: want to cancel my order Tried: tried cancel button, greyed out Expected: fix"
TK-246093,Chat Frontline,1,Other,N,"I am losing patience. Got Pulse2 from Flipkart recently. my dad has an old Nokia, will the watch app run. I want a replacement or refund, nothing else."
TK-246097,Voice Frontline,0,Other,N,Not what I expected from Vireo.  Bought the strata 3 around 20 Sep form vireo.in. app crahes when I open device settings. I already updated phone. Escalate this to someone senior
TK-246098,Email Frontline,0,Delivery & Shipping,Y,"Pathetic experience honestly. Got my Strata 3 headphones from vireo.in around Diwali. typo in the flat number, courier will never find it. I already tried editing in app. I want a replacement or refun"
TK-246106,Chat Frontline,0,Delivery & Shipping,Y,"hey typo in the flat number, courier will never find it orbit mini"
TK-246109,Chat Frontline,0,Other,N,"Product: the Pulse 2 earbuds Order: VR893761 Purchased: November 09 Issue: change of mind, please sttop the shippment Tried: tried cancel button, greyed out Expected: callback"
TK-246115,Chat Frontline,0,Other,N,"Hi team, Bought pulse 2 buds around 16 Nov from vireo.in. Entered wrong pincode. Kindly look into it. Regards,"
TK-246119,Chat Frontline,0,Other,N,"this is regarding spare case. paid on 11/11, still waiting for something to show up. i checked with neighbours. what do i do now? regards, pooja bhatt"
TK-246122,Chat Frontline,0,Delivery & Shipping,Y,"Namaste, I bought spare case on November 16. I haven't received my order. I called the courier. How do I get this fixed? Thanks & regards,"
TK-246126,Chat Frontline,0,Other,N,"Hey, I bought the Orbit smart speaker on August 01. The app closes itself the moment I tap on my device. I want a replacement. Tank you, Shreya"
TK-246131,Email Frontline,0,Other,N,"Not what I expected from Vireo. Ordered Nexa 2 3 weeks back. I moved houses yesterday and the order is going to the old flat. I already tried editing in app. I want a replacement or refund, nothing el"
TK-246133,Voice Frontline,0,Delivery & Shipping,Y,[IVR transcript] I haven't received my order. VR894590
TK-246146,Email Frontline,0,Other,N,"Dear Sir/Madam,  I am writing with reference to my order of airlite earbuds (VR903430) placed on 19/11. Want to cancel my order. I have tried cancel button, greyed out. I request you to look into this"
TK-246152,Email Frontline,0,Billing & Payments,Y,"Dear Sir/Madam,  I am writing with reference to my order of Pulse2 placed on 17-11-2025. DOUBLE PAYMENT DEDUCTED. I have waited a week. I request u to process a refund to my original payment method.  "
TK-246159,Email Frontline,0,Other,N,really frustrating. bought my pulse 2 aound 20-11-2025 from vireo.in. entered wrong pincode. i already tried editing in app. refund. now.
TK-246171,Chat Frontline,0,Delivery & Shipping,Y,update my shipping address - vr902574
TK-246178,Chat Frontline,0,Delivery & Shipping,Y,"Hi, Pulse 2 purchased last month, order VR896485. Order not delivered, tracking not updating. I checked with neighbours. Nothing changed. Please resolve asap."
TK-246196,Email Frontline,0,Product Enquiry,Y,"Dear Sir/Madam,  I am writing with reference to my order of Pulse2 (VR907693) placed on 29/11. Is Pulse2 compatible with my TV. I request you to process a refund to my original payment method.  Sincer"
TK-246202,Chat Frontline,0,Other,N,"Bought the AirLite buds around 11 Nov from Amazon. Cancel order. I tried cancel button, greyed out. Nothing changed. Pathetic experience honestly. I want a replacement. Awaiting response Steven Rathor"
TK-246211,Chat Frontline,0,Other,N,ENTERED WRONG PINCODE
TK-246223,Voice Frontline,0,Connectivity,Y,[IVR transcript] hii audio keeps disconnecting every few minutes orbit speaker hello??
TK-246225,Chat Frontline,0,Delivery & Shipping,Y,"Hi, Bought Strata 3 around 20 Nov from vireo.in.  Change of mind, please stop the shipment. I tried cancel button, greyed out. Waiting for your reply"
TK-246243,Chat Frontline,0,Other,N,PRODUCT: AIRLITE EARBUDS PURCHASED: APRIL 03 ISSUE: ENTERED WRONG PINCODE TRIED: TRIED EDITING IN APP EXPECTED: FIX
TK-246246,Email Frontline,0,Other,N,"Really frustrating. Ordered Pulse 2 last month. want to cacel my order. I already tried cancel button, greyed out. Refund. Now"
TK-246253,Chat Frontline,0,Other,N,"Hello Vireo, I bought Arc neckband on 17-11-2025.  Does Arc neckband wrk with iPhone. Please reesolve asap. Thannks & regards, Aarav Bhatia"
TK-246256,Chat Frontline,0,Delivery & Shipping,Y,"Namaste, Got Pulse 2 from vireo.in 2 weeks ago. Need to change delivery address. I want my money back."
TK-246257,Chat Frontline,0,Connectivity,Y,hii the pairing light blinks but nothing ever shows up on my realme
TK-246266,Chat Frontline,0,Other,N,entered wrong pincode VR891303
TK-246271,Email Frontline,0,Other,N,"Hello Vireo, This is regarding my Pulse.  Paid on November 24, still waiting for something to show up. Please resolve asap. Thanks & regards Vivaan"
TK-246284,Email Frontline,0,Other,N,"Hi there, I bought the Pulse buds on 11 Jun. Sounds like a badly tuned radio now. Can someone fix this?"
TK-246295,Chat Frontline,0,Connectivity,Y,"dear sir/madam,  i am writing wiith refeence to my order of teh airlite buds placed on 22-11-2025. can i connect two the airlite buds together. i request you to look into this matter at the earliest. "
TK-246296,Chat Frontline,1,Other,N,"Hi Vireo support, Order VR909231 (pulse 2 buds). I sent the uint in 14 days ago and have heard nothing. I emailed twice. Nothing changed. Can sommeone fix this?"
TK-246298,Chat Frontline,0,Delivery & Shipping,Y,"hi there, order vr909025 (nexa 2). the courier marked it delivered but nobody in my house got anything. i want a replacement. rgds manish"
TK-246313,Voice Frontline,0,Other,N,[IVR transcript] helo my order has not been delivered yet pulse earbuds VR900817
TK-246315,Email Frontline,0,Delivery & Shipping,Y,"typo in the flat number, courier will never find it"
TK-246318,Chat Frontline,1,Other,N,hello ji entered wrong pincode inta paisa diya hai my pulsse 2
TK-246331,Email Frontline,0,Delivery & Shipping,Y,"Dear Sir/Madam, Ths is regarding Pluse 2. It has been 9 dyas and I hae nothing in hand. I called teh courier. PLEASE HELP."
TK-246343,Email Frontline,0,Other,N,"cancel order VR895396, VR895396, waiting for your reply"
TK-246350,Chat Frontline,0,Charging & Battery,Y,"Namaste, Got pulse 2 buds from vireo.in 2 weeks ago. Only the right one lights up when I put them in the case. I tried a different cable. Nothing changed. I want my money back. Rgds"
TK-246352,Voice Frontline,0,Other,N,"ordered the wrong colour, don't ship it, VR894604"
TK-246358,Chat Frontline,0,Charging & Battery,Y,Product: the charging case I ordered Order: VR890480 Purchased: 20/11 Issue: payment went through but I got no order id Tried: tried logging out and in Expected: fix
TK-246365,Chat Frontline,0,Delivery & Shipping,Y,Product: my Pulse Order: VR883209 Purchased: 26-11-2025 Issue: need to change delivery address Tried: tried editing in app Expected: replacement
TK-246368,Chat Frontline,0,Other,N,"bought the mini speaker around 18-11-2025 from amazon. your ad sadi 20% off & the cart says full price. waiting for your reply. thanks & regards, komal"
TK-246390,Chat Frontline,1,Other,N,product: pulse 2 purchased: 26-11-2025 issue: does pulse 2 work with iphone expected: refund
TK-246398,Email Frontline,0,Other,N,"Product: spare case Order: VR886568 Purchased: April 04 Issue: my dad has an old Nokia, will the watch app run Expected: refund"
TK-246401,Email Frontline,0,Other,N,hii payment went through but i got no order id pulse 2 buds kindly do the needful
TK-246416,Chat Frontline,0,Other,N,"Dear team, This is regarding Pulse 2. Please cancel, ordered by mistake. I tried cacnel button, greyed out. Nothing changed. Please help. Regards Siddharth"
TK-246419,Email Frontline,0,Other,N,hi i moved houses yesterday and the order is going to the old flat help
TK-246421,Chat Frontline,0,Other,N,"Hi there, This is regarding the Orbit smart speaker. Since the last update the app just shows a white screen. I cleared cache. Nothing changed. Please resolve asap."
TK-246425,Email Frontline,0,Delivery & Shipping,Y,"i haven't received my order, need this sorted this week"
TK-246426,Email Frontline,0,Connectivity,Y,HELLO CAN I CONNECT TWO MY PULSE 2 TOGETHER MY PULSE 2 URGENT
TK-246427,Chat Frontline,0,Delivery & Shipping,Y,"Dear Sir/Madam,  I am writing with reference to my order of my Pulse 2 (VR900983) placed on November 23. It has been 18 days and I have nothing in hand. I have checked the tracking page daily. I reque"
TK-246442,Chat Frontline,0,Other,N,"Hi team, my Srtata 2 headphhones purchased around Diwali, order VR911027.  Please cancel, ordered by mistake. Please call me on my registered number."
TK-246444,Email Frontline,1,Delivery & Shipping,Y,"Hi there, Order VR898542 (my Pulse 2). Typo in the flta number, courier will never find it. I tried eiting in app. I want a replacement. Thanks & regards Harsh"
TK-246470,Voice Frontline,1,Audio Quality,Y,sir ji distorted audio at high volume please help karo hello??
TK-246492,Escalations & Warranty,0,Charging & Battery,Y,[IVR transcript] hi only the right one lights up when i put them in the case
TK-246503,Email Frontline,0,Other,N,hi my bank shows the same amount twice on the same day my pulse 2 help
TK-246504,Chat Frontline,0,Other,N,need the bill w/ my firm's GSTIN on it
TK-246514,Chat Frontline,0,Delivery & Shipping,Y,Product: the Pulse buds Order: VR897039 Purchased: 26-11-2025 Issue: need to change delivery address Tried: tried editing in app Expected: resolution
TK-246520,Chat Frontline,1,Delivery & Shipping,Y,"hi team, this is regarding the nexa 2. change of mind, please stop the shipment. please call me on my registered number."
TK-246540,Chat Frontline,0,Delivery & Shipping,Y,"Hey, Pulse2 purchased recently, order VR904076.  Change of mind, please stop the shipment. I tried cancel button, greyed out. I want my money back. Regards, Faisal"
TK-246549,Chat Frontline,0,Other,N,"hello, i bought pulse2 on 26-11-2025. ordered the wrong colour, don't ship it. i tried cancel button, greyed out. please call me on my registered number. awaiting response,"
TK-246554,Voice Frontline,0,Other,N,"namaste, boughht the pulse 2 earbuds around octboer 23 from vireo.in.  my dad has an old nokia, will the watch app run. kindly look into it. rgds, simran pereira"
TK-246560,Email Frontline,0,Other,N,cancel order vr884333
TK-246567,Chat Frontline,0,Billing & Payments,Y,PRODUCT: THE PULSE 2 EARBUDS ORDER: VR885150 PURCHASED: 01 DEC ISSUE: NEED GST INVOICE FOR MY ORDER TRIED: CHECKED ORDERS PAGE EXPECTED: CALLBACK
TK-246578,Chat Frontline,0,Delivery & Shipping,Y,hello i haven't received my order my orbit urgent
TK-246599,Email Frontline,0,Other,N,"Hey, Bought orbit mini around 25-11-2025 from vireo.in. Entered wrong pincode. I tried editing in app. Nothing changed. How do I get tihs fixed?"
TK-246600,Email Frontline,0,Other,N,want to cancel my order - please advise
TK-246604,Chat Frontline,0,Delivery & Shipping,Y,"DEAR TEAM, THIS IS REGARDING THE PULSE 2 EARBUDS. Update my shipping address. I tried editing in app. Can someone fix this?"
TK-246605,Email Frontline,0,Delivery & Shipping,Y,Product: Pulse2 Order: VR904076 Purchased: November 29 Issue: order status stuck on shipped since November 29 Tried: called the courier Expected: callback
TK-246608,Chat Frontline,0,Delivery & Shipping,Y,"Very poor quality.  my Strata 3 hedaphones purcchased 10 days ago, order VR901070. I haven't recieved my order. I arleady called the courier. This is the lsat time I buy from you."
TK-246611,Email Frontline,0,Billing & Payments,Y,Product: pulse 2 buds Order: VR903849 Purchased: 22/11 Issue: need GST invoice for my order Tried: tried different browser Expected: resoluution
TK-246621,Chat Frontline,0,Delivery & Shipping,Y,update my shipping address - VR907693
TK-246633,Email Frontline,0,Other,N,sir ji order status stuck on shipped since 25/11 kal se kindly do the needful
TK-246635,Voice Frontline,0,Other,N,my order has not been delivered yet - waiting for your reply
TK-246637,Voice Frontline,0,Other,N,"[IVR transcript] REALLY FRUSTRATING.  This is regarding orbbit mini. my son ordered this without asking, pls reverse. I already tried cancel button, greyed out. Refund. Now."
TK-246648,Email Frontline,0,Warranty & Repair,Y,watch strap broke within a month - please advise
TK-246652,Chat Frontline,0,Other,N,"This is very disappointing. Ordered pulse 2 buds 2 weeks ago. want to cancel my order. I already tried cancel button, greyed out. Fix this or I am posting on twitter."
TK-246658,Email Frontline,0,Connectivity,Y,"Hi Vireo support, This is regarding the AirLite buds. Keeps losing my phone if I walk to the other room. I reset both devices. Waiting for your reply. Thanks, Riya Desai"
TK-246661,Chat Frontline,0,Delivery & Shipping,Y,"dear sir/madam,  i am writing with reference to my order of the strata 3 (vr903060) placed on 25-11-2025.  order status stuck on shipped since 25-11-2025. i have checked the tracking page daily. i req"
TK-246664,Email Frontline,0,Other,N,I am losing patience. Bought my Pulse 2 around 23-11-2025 from vireo.in. the festive offer vanished when I clicked pay. I already tried on app and website. Fix this or I am posting on twitter.
TK-246678,Voice Frontline,0,Delivery & Shipping,Y,"[IVR transcript] hey change of mind, pls stop the shipment the pulse 2 earbuds urgent"
TK-246679,Voice Frontline,0,Other,N,"helo paid on november 21, still waiting for something to show up the strata 3"
TK-246687,Email Frontline,0,Other,N,"Hello Vireo, This is regarding airlite earbuds. Want to cancel my order. I tried cancel button, greyed out. Can someone fix this? Please revert"
TK-246698,Chat Frontline,0,Delivery & Shipping,Y,Product: my Strata 2 headphones Order: VR887128 Purchased: November 30 Issue: package not delivered even after 21 days Tried: checked the tracking page daily Expected: replacement
TK-246708,Chat Frontline,0,Delivery & Shipping,Y,hello tracking has said out for delivery for a week now anyone there
TK-246713,Chat Frontline,0,Other,N,cancel order. kindly look into it
TK-246718,Voice Frontline,0,Other,N,entered wrong pincode. kindly look into it
TK-246720,Chat Frontline,0,Other,N,"hi there, bought nea watch around 29/11 from flipkart. payment was deducted but no order was created. need this sorted this week. thansk in advance, ishaan"
TK-246728,Voice Frontline,0,Connectivity,Y,"[IVR transcript] This is very disappointing. Got my Orbit from Amazon recently. can I connect two my Orbit together. I want a replacement or refund, nothing else."
TK-246730,Chat Frontline,0,Other,N,I am losing patience. Got teh Pulse 2 earbuds froom vireo.in around Diwali. payment was deducted but no order was created. I already tride logging out and in. Esclate this to someone senior.
TK-246736,Chat Frontline,1,Charging & Battery,Y,"hi team, ordered pulse 2 buds aruond diwali. the left earbud is not charging at all. i trid a different cable. nothing changed. how do i get this fixed? thank you,"
TK-246744,Voice Frontline,1,Other,N,"hi, bought strata 3 around 23/11 from amazon. ordered the wrong colour, don't ship it. i tried cancel button, greyed out. need this sorted this week. thanks"
TK-246749,Chat Frontline,0,Other,N,bhai i moved houses yesterday and the order is going to the old flat please jaldi the airlite buds
TK-246758,Chat Frontline,0,Other,N,ENTERED WRONG PINCODE
TK-246763,Email Frontline,0,Connectivity,Y,"Hello, Got Strata 2 from Amazon in February.  Bluetooth keeps cutting out. I reset both devices. Please advise. Thank you, Tenzin Gill"
TK-246768,Chat Frontline,0,Other,N,"Product: Pulse 2 Order: VR899934 Purchased: 04-12-2025 Issue: want to cancel my order Tried: tried cancel button, greyed out Expected: replacement"
TK-246778,Chat Frontline,0,Other,N,PRODUCT: PULSE 2 BUDS ORDER: VR893195 PURCHASED: 03-12-2025 ISSUE: NEED TO CHANGE DELIVERY ADDRRESS TRIED: TRIED EDITING IN APP EXPECTED: REFUND
TK-246782,Chat Frontline,0,Delivery & Shipping,Y,"Hello Vireo, Bought pulse 1 around 30-11-2025 from Amazon. The courier marked it delivered but nobody in my house got anything. I checked with neighbours. Nothing changed. I want my money back. Thanks"
TK-246787,Voice Frontline,0,Delivery & Shipping,Y,"[IVR transcript] hii typo in the flat number, courier will never find it"
TK-246797,Voice Frontline,0,Delivery & Shipping,Y,[IVR transcript] need to change delivery address.  VR884961. please resolve asap
TK-246807,Email Frontline,0,Delivery & Shipping,Y,Honestly regretting this purchase.  I bought my Pulse on 29 Nov. need to change delivery address. I already tried editing in app. This is the last time I buy from you.
TK-246811,Email Frontline,0,Delivery & Shipping,Y,"Namaste, This is regarding Pulse2. Change of mind, please stop the shipment. I tried cancel button, greyed out. Please call me on my registered number. Please revert, Shreya"
TK-246819,Chat Frontline,0,Other,N,"paid on December 07, still waiting for somehing to show up, please resolve asap"
TK-246837,Chat Frontline,0,Product Enquiry,Y,bhai before i buy - will this talk to a 2019 samsung abhi tak kuch nahi hua pulse2 vr899861
TK-246846,Chat Frontline,1,Delivery & Shipping,Y,hey i haven't received my order hello??
TK-246854,Voice Frontline,0,Other,N,[IVR transcript] entered wrong pincode please call me on my registered number
TK-246855,Chat Frontline,0,Other,N,I moved houses yesterday and the order is going to the old flat
TK-246876,Email Frontline,1,Delivery & Shipping,Y,update my shipping address - vr883853
TK-246880,Email Frontline,0,Connectivity,Y,can i connect two spare case together
TK-246885,Email Frontline,0,Returns & Refunds,Y,"Hey, Ordered the Pulse 2 earbuds last week. I moved houses yesterday and the order is going to the old flat. I tried editing in app. I want my money back. Thanks Amit"
TK-246903,Email Frontline,0,Other,N,Product: Orbit Mini Order: VR905831 Purchased: 29-11-2025 Issue: the festive offer vanished when I clicked pay Tried: tried in caps Expected: resolution
TK-246908,Email Frontline,0,Billing & Payments,Y,Really frustrating. Got Pulse 2 from vireo.in arround Diwali. double payment deducted. I alreday waited a week. Fix this or I am postinng on twitter
TK-246918,Chat Frontline,0,Other,N,Product: Strata 2 Purchased: October 17 Issue: sounds like a badly tuned radio now Tried: tried differnet apps Expected: fix
TK-246926,Voice Frontline,0,Billing & Payments,Y,[IVR transcript] Bought Pulse 2 around 09-12-2025 from vireo.in. Double payment deducted. Please advise. Thanks in advance Bhavna
TK-246935,Chat Frontline,0,Delivery & Shipping,Y,Not what I expected from Vireo. Got the Nexa 2 from vireo.in 2 weeks ago. package not delivered even after 12 days. I already called the courier. Refund. Now.
TK-246937,Chat Frontline,0,Delivery & Shipping,Y,"hi sir typo in the flat number, courier will never find it itna paisa diya hai my pulse 2 vr899861 kindly do the needful"
TK-246952,Chat Frontline,0,Other,N,hii want to cancel my order 65w charger
TK-246994,Chat Frontline,0,Billing & Payments,Y,"this is very disappointing. ordered my nexa 2 watch 3 weeks back. paid via upi, amount deducted, no order confirmation. i already checked bank statement. i want a replacement or refund, nothing else"
TK-247001,Voice Frontline,0,Other,N,"[IVR transcript] Hi there, Bought the Orbit smart speaer aorund 30-10-2025 from vireo.in.  Locked out of my own account since in October. I tired 5 times. Nothinng changed. Please call me on my regist"
TK-247002,Chat Frontline,0,Delivery & Shipping,Y,"Hi Vireo support, Ordered my Pulse 2 around Diwali. Need to change delivery address. I tried editing in app. Need this sorted this week."
TK-247018,Chat Frontline,0,Other,N,"Hey, Got Pulse2 from vireo.in 10 days ago. Entered wrong pincode. I tried editing in app. Waiting for your reply. Thanks in advance"
TK-247022,Email Frontline,1,Other,N,"dear team, ordered pulse 2 last month. ordered the wrong colour, don't ship it. i tried cancel button, greyed out. nothing changed. pathetic experience honestly. please help. thank you isha"
TK-247024,Chat Frontline,0,Other,N,"Hey, This is regarding Nexa 2. Promo code shows invalid. I tried in caps. Need this sorted this week. Thank you, Manpreet Gaikwad"
TK-247029,Voice Frontline,0,Connectivity,Y,[IVR transcript] keeps losing my phone if I walk to teh other room VR900606 what do i do now?
TK-247038,Chat Frontline,0,Delivery & Shipping,Y,"HELLO VIREO, ORDERED PULSE 2 BUDS A MONTH AGO.  Change of mind, please stop the shipment. I tried cancel button, greyed out. Not whaat I expected from Vireo. Please advise. Awaiting response Ritika Ro"
TK-247041,Email Frontline,0,Other,N,"hi, pulse2 purchased 2 weeks ago, order vr906630.  i moved houses yesterday & the order is going to the old flat. i tried editing in app. kindly look into it. please revert,"
TK-247058,Chat Frontline,0,Other,N,"Dear team, Ordered Pulse 2 10 days ago. Want to cancel my order. I tried cancel button, greyed out. Please help. Thanks & regards,"
TK-247061,Email Frontline,0,Delivery & Shipping,Y,"Hi Vireo support, Bought spare case around 09/12 from Amazon. Need to change delivery address. I tried editing in app. Nothing changed. I want a replacement. Regards Manpreet Varghese"
TK-247062,Voice Frontline,1,Charging & Battery,Y,[IVR transcript] Not what I expected from Vireo. Ordered the fit band recently. battery life has dropped to almost nothing. I already turned off always-on display. This is the last time I buy from you
TK-247099,Chat Frontline,0,Other,N,helo want to cancel my order
TK-247100,Voice Frontline,0,Delivery & Shipping,Y,"[IVR transcript] Hello, Order VR884489 (Pulse2).  Typo in the flat number, courier will never find it. I tried editing in app. Can someone fix this? Thank you,"
TK-247103,Email Frontline,0,Other,N,product: pulse 1 purchased: december 07 issue: entered wrong pincode tried: tried editing in app expected: refund
TK-247111,Chat Frontline,0,Other,N,hello ji my order has not been delivered yet abhi tak kuch nahi hua pulse 2 hello??
TK-247123,Chat Frontline,0,Delivery & Shipping,Y,hey need to change delivery address hello??
TK-247130,Email Frontline,0,Other,N,"payment was deducted but no order was created, please resolve asap"
TK-247136,Email Frontline,0,Other,N,Product: the fit band Purchased: 07/12 Issue: order status stuck on shipped since 07/12 Tried: checked with neighbours Expected: refund
TK-247147,Chat Frontline,0,Delivery & Shipping,Y,"THE COURIER MARKED IT DELIVERED BUT NOBODY IN MY HOUSE GOT ANYTHING, VR898887"
TK-247156,Chat Frontline,0,Billing & Payments,Y,hi coupon code not working pulse 2
TK-247157,Voice Frontline,0,Other,N,"Namaste, Got braided cable from vireo.in 2 weeks ago. I moved houses yesterday and the order is going to the old flat. I tried editing in app. I want a replacement. THANKS & REGARDS, MANISH"
TK-247159,Email Frontline,0,Other,N,"paid on 15/12, still waiting for something to show up"
TK-247160,Chat Frontline,0,Product Enquiry,Y,hii before i buy - will ths talk to a 2019 samsung pulse 2 buds VR881532 ??
TK-247173,Voice Frontline,0,Other,N,"[IVR transcript] Hello, I bought Pulse 2 on October 22. Works for music but useless for meetings. Waiting for your reply."
TK-247179,Escalations & Warranty,0,Other,N,Product: the Pulse 2 earbuds Purchased: December 06 Issue: left bud not taking charge Tried: tried another charger Expected: replacement
TK-247182,Email Frontline,0,Returns & Refunds,Y,got pulse 2 from amazon last month. entered wrong pincode. i tried editing in app. nothing changed. i want my money back. thanks & regards
TK-247199,Chat Frontline,0,Other,N,"This is very disappointing. Ordered pulse 2 buds in December. my son ordered tihs without asking, pls reverse. I already tried cancel button, greyed out. This is the last time I buy from u."
TK-247204,Chat Frontline,1,Other,N,want to cancel my order - please resolve asap
TK-247211,Chat Frontline,0,Delivery & Shipping,Y,"Hi, Bought the neckband arounnd 08/12 from Amazon.  Change of mind, pls stop the shipment. I tried cancel button, greyed out. Nothing changed. I am losing patience. I want my money back. Thanks,"
TK-247216,Chat Frontline,0,Other,N,This is very disappointing. Order VR898658 (my Puse 2). it has been 21 dasy and I have nothing in hand. I alraedy checked with neighbours. Refund. Now.
TK-247220,Escalations & Warranty,0,Other,N,Product: Pulse2 Order: VR892592 Purchased: 16/11 Issue: after a night in the case the left is at 0 and right at 100 Tried: did the reset from the manual Expected: refund
TK-247221,Chat Frontline,0,Other,N,"Dear team, Bought my Strata 3 headphones around 15-12-2025 from vireo.in. Want to cancel my order. I want a replacement."
TK-247223,Chat Frontline,0,Delivery & Shipping,Y,"PRODUCT: REPLACEMENT CASE ORDER: VR895952 PURCHASED: 19/10 ISSUE: TYPO IN THE FLAT NUMBER, COURIER WILL NEVER FIND IT TRIED: TRID EDITING IN APP EXPECTED: REFUND"
TK-247243,Email Frontline,0,Other,N,"dear sir/madam,  i am writing w/ reference to my order of pulse 1 (vr886506) placed on 15-12-2025. cancel order vr886506. i have tried cancel button, greyed out. i request you to process a refund to m"
TK-247244,Chat Frontline,0,Delivery & Shipping,Y,helo need to change delivery address
TK-247247,Chat Frontline,0,Delivery & Shipping,Y,update my shipping address
TK-247250,Chat Frontline,0,Delivery & Shipping,Y,tracking has said out for delivery for a week now.  please advise
TK-247251,Email Frontline,0,Other,N,"Dear Sir/Madam,  I am writing witth reference to my order of Pulse 2 (VR890740) placed on 10-12-2025.  Discount was not applied at checkout. I hae tried on app and website. I request you to kindly arr"
TK-247266,Chat Frontline,0,Other,N,need to cahnge delivery address.  VR908311
TK-247281,Chat Frontline,0,Other,N,"product: my pulse 2 order: vr889434 purchased: 06-12-2025 issue: want to cancel my order tried: treid cancl button, greyed out expected: replacement"
TK-247289,Chat Frontline,0,Billing & Payments,Y,product: the pulse 2 earbuds purchased: 05 dec issue: please share invoice with gst number tried: checked orders page expected: replacement
TK-247292,Chat Frontline,0,Other,N,"Hello Vireo, This is regarding Pulse 2. Does Pulse 2 work with iPhone. Please advise. Thakns"
TK-247296,Email Frontline,0,Connectivity,Y,audio keeps disconnecting every few minutes
TK-247300,Email Frontline,0,Delivery & Shipping,Y,"typo in the flaat number, courier will never find it, need thhis sorted this week"
TK-247305,Email Frontline,0,Other,N,"Product: Orbit speaker Order: VR905088 Purchased: December 10 Issue: pid once, satement disagrees Tried: waited a week Expected: fix"
TK-247316,Chat Frontline,0,Billing & Payments,Y,"dar sir/madam,  i am writing wtih reference to my orer of orbit mini (vr905597) placed on december 13.  plese share invoice with gst number. i have tried different browser. i request you to knidly arr"
TK-247326,Chat Frontline,0,Other,N,"Hi, This is regarding the strata 3.  Discount was not applied at checkout. I tried on app & website. Nothing changed. Please call me on my registered number."
TK-247334,Chat Frontline,0,Delivery & Shipping,Y,"Bought the Pulse 2 earbuds around 09/12 from vireo.in. Typo in the flat number, courier will never find it. I tried editing in app. Nothing changed. Need this sorted this week. Thanks,"
TK-247337,Voice Frontline,0,Warranty & Repair,Y,"[IVR transcript] hello claim number rma56601, anyone alive there?"
TK-247346,Escalations & Warranty,1,Other,N,"Product: Pulse 2 Order: VR888391 Purchased: November 13 Issue: right side works perfectly, left one just does not wake up Tried: did the reset from the maanual Expected: replacement"
TK-247350,Chat Frontline,0,Delivery & Shipping,Y,"This is regarding Strata 3.  Neeed to change delivery address. I tried editing in app. Nothing changed. Please advise. Rgds, Sneha Kumar"
TK-247352,Chat Frontline,0,Delivery & Shipping,Y,I am losing patience. Got Pulse 2 from Flipkart last week. update my shipping address. I already tried editing in app. Refund. Now.
TK-247376,Chat Frontline,0,Other,N,"orddered the wrong colour, don't ship it"
TK-247377,Chat Frontline,0,Warranty & Repair,Y,hii no update on my repair anyone there
TK-247380,Chat Frontline,0,Other,N,cancel order 
TK-247392,Escalations & Warranty,0,Charging & Battery,Y,hello left pod no longer sits properly in the case and stays flat pulse2 VR887927 hello??
TK-247394,Chat Frontline,1,Other,N,des the Pulse 2 earbuds work with iPhone
TK-247424,Voice Frontline,0,Billing & Payments,Y,"[IVR transcript] team, invoice not downloading please jaldi pulse 2 buds VR895657 anyone there"
TK-247428,Chat Frontline,0,Other,N,"Namaste, the strata 3 purchased in September, order VR908971. Everyone on my calls says I sound like I'm underwater. Please call me on my registered number. Thanks Priya Trivedi"
TK-247434,Voice Frontline,0,Delivery & Shipping,Y,"i am losing patience.  this is regarding orbit mini. change of mind, please stpo the shipment. i already tried cancel button, greyed out. refund. now"
TK-247442,Chat Frontline,1,Charging & Battery,Y,battery life has dropped to almost nothing
TK-247445,Email Frontline,0,Warranty & Repair,Y,"Dear Sir/Madam,  I am writing w/ reference to my order of the strata 3 (VR896264) placed on 12-11-2025.  NO UPDATE ON MY REPAIR. I have emailed twice. I request u to look into this matter at the earli"
TK-247457,Escalations & Warranty,2,Other,N,sir ji left earbud shows 0% and never charges
TK-247476,Email Frontline,0,Other,N,"Hi there, I bought orbit mini on 22 Dec. My bank shows the same amount twice on the saame day. Nede this sorted this week. Thanks,"
TK-247486,Chat Frontline,0,Other,N,"product: pulse 2 purchased: 21-12-2025 issue: want to cancel my order tried: tried cancel button, greyed out expected: callback"
TK-247491,Email Frontline,0,Other,N,"Got the Pulse 2 earbuds from vireo.in a month ago.  Does the Pulse 2 earbuds work with iPhone. What do I do now? Rgds, Tarun"
TK-247493,Email Frontline,1,Other,N,"hi team, ordered pulse2 last month. paid once, statement disagrees. i waited a week. how do i get this fixed?"
TK-247498,Chat Frontline,0,Other,N,"I have been a loyal customer and this is how you treat me.  Bought Pulse earbuds around 10-12-2025 from Flipkart. want to cancel my order. I already tried cancel button, greyed out. Fix tihs or I am p"
TK-247511,Voice Frontline,0,Other,N,test
TK-247515,Email Frontline,0,Delivery & Shipping,Y,"hi order not delivered, tracking not updating my pulse 2"
TK-247526,Voice Frontline,0,Billing & Payments,Y,[IVR transcript] hi coupon code not working
TK-247536,Chat Frontline,0,Other,N,Honestly regretting this purchase. This is regarding pule 2 buds. discount was not appied at checkout. I allready tried on app and website. Refund. NOW.
TK-247537,Email Frontline,0,Product Enquiry,Y,before i buy - will this talk to a 2019 samsung
TK-247542,Chat Frontline,0,Audio Quality,Y,"hello vireo, bought pulse 2 around 21 nov from vireo.in. buzzing sound from the speaker. i tried different apps. kindly look into it."
TK-247568,Chat Frontline,0,Billing & Payments,Y,"I have been a loyal customer and this is how you treat me.  Ordered spare case last week. please share invoice with GST number. I already tried different browser. I want a replacement or refund, nothi"
TK-247578,Chat Frontline,0,Connectivity,Y,not acceptable at this price. this is regarding my pulse 2. random disconnects durnig calls. i already reset both devices. fix this or i am posting on twitter.
TK-247586,Chat Frontline,0,Delivery & Shipping,Y,"Dear Sir/Madam,  I am writing with reference to my ordre of Strrata 3 (VR900140) placed on 27/03.  Update my shipping address. I have tried editing in app. I request you to kindly arrange a replacemen"
TK-247592,Chat Frontline,0,Delivery & Shipping,Y,"Dear Sir/Madam,  I am writing with reference to my order of my Pulse 2 (VR889128) placed on 17 Dec. Order not delivered, tracing not updating. I have checked the trcaking page daily. I request you to "
TK-247593,Chat Frontline,0,Other,N,"Product: Pulse2 Purchased: 21 Dec Issue: ordered the wrong colour, don't sip it Tried: tried cancel button, greyed out Expected: resolution"
TK-247596,Email Frontline,0,App & Firmware,Y,Product: AirLite Purchased: 07 Nov Issue: app not opneing after updae Tried: reinstalled the app Expected: resolutin
TK-247600,Chat Frontline,0,Billing & Payments,Y,"hi team, bought the orbit samrt speaker around dceember 15 froom vireo.in.  the page failed after i paid & now nothing shows in my account. i tried logging out & in. i want my money back. awaiting res"
TK-247604,Chat Frontline,1,Charging & Battery,Y,left pod no longer sits properly in the case and stays flat - VR894684
TK-247616,Chat Frontline,1,Delivery & Shipping,Y,"hey, this is regarding the strata 3. i haven't received my order. what do i do now? regards"
TK-247651,Email Frontline,0,Other,N,"To the Vireo Customer Care Team,  I am writing with reference to my order of the fit band (VR889239) placed on 18/12. Cancel order VR889239. I have tried cancel button, greyed out. I request you to pr"
TK-247657,Voice Frontline,0,Other,N,[IVR transcript] i haev ben a loayl customer & ths is how you trat me. got 65w cahrger from amazon around diwali. my order has not been delivred yet. i already checked w/ neighbours. i want a replacem
TK-247666,Chat Frontline,0,Delivery & Shipping,Y,Product: my Pulse 2 Order: VR887688 Purchased: 20-12-2025 Issue: update my shipping address Tried: tride eiting in app Expected: callback
TK-247671,Chat Frontline,2,Other,N,"I SENT THE UNIT IN 12 DAYS AGO AND HAVE HEARD NOTHING, CAN SOMEONE FIX THIS?"
TK-247681,Voice Frontline,0,Other,N,[IVR transcript] very poor quality.  this is regarding my strata 3 headphones. i moved hoses yesterday and the order is going to the old flat. i already tried editing in app. esscalate this to soomeon
TK-247696,Email Frontline,0,Other,N,Not what I exppected from Vireo.  I bought my Pulse 2 on 15-12-2025. entered wrong pincode. I already tried editing in app. This is the last time I buy from u.
TK-247701,Chat Frontline,0,Billing & Payments,Y,"this is regarding pulse 1. the page failed after i paid and now nothing shows in my account. ned this sorted this week. thanks, vihaan"
TK-247709,Email Frontline,0,Delivery & Shipping,Y,"Hi team, Got my Strata 3 headphones from vireo.in a month ago. Order status stuck on shipped since 26 Sep. I called the courier. Nothing changed. Kindly look into it. Awaiting response,"
TK-247714,Chat Frontline,1,Other,N,"Got spare case from vireo.in 10 days ago. Ordered the wrong colour, don't ship it. I tried cancel button, greyed out. Nothing changed. Please advise."
TK-247731,Voice Frontline,0,Other,N,hello cancle order  the pulse 2 earbuds pls reply
TK-247737,Chat Frontline,0,Other,N,"Product: the Nexa 2 Purchased: 29 Dec Issue: my dad has an old Nokia, will the watch app run Expected: resolution"
TK-247739,Chat Frontline,0,Delivery & Shipping,Y,"Hi, Ordered Pulse2 3 weeks back. Typo in the flat number, courir will never find it. I tried editing in app. Kindly look into it. Thank you, Sai Dhillon"
TK-247746,Chat Frontline,0,Warranty & Repair,Y,no update on my repair
TK-247753,Email Frontline,0,Other,N,PRODUCT: PULSE 2 BUDS ORDER: VR886117 PURCHASED: 17 DEC ISSUE: I MOVED HOUSES YESTERDAY & THE ORDER IS GOING TO THE OLD FLAT TRIED: TRIED EDITING IN APP EXPECTED: RESOLUTION
TK-247754,Chat Frontline,0,Delivery & Shipping,Y,"I am losing patience. Got Pulse 2 from vireo.in 2 weeks ago. the courier marked it delivered but nobody in my house got anything. I already checked with neighbours. I want a replacement or refund, not"
TK-247755,Chat Frontline,0,Billing & Payments,Y,"Hi Vireo support, Got pulse 2 buds from Flipkart 2 weeks ago. I was charged twice for one order. I waited a week. Nothing changed. I want my money back. Thanks & regards,"
TK-247760,Voice Frontline,0,Other,N,"[IVR transcript] team, i moved houses yesterday and the order is going to the old flat help"
TK-247762,Chat Frontline,0,Returns & Refunds,Y,"Hey, I bought the neckband on December 29. My bank shows the same amount twice on the same day. I waited a week. I want my money back. Rgds Aadhya"
TK-247782,Chat Frontline,1,Delivery & Shipping,Y,"HELLO CHANGE OF MIND, PLEASE STOP TEH SHIPMENT"
TK-247786,Voice Frontline,0,Delivery & Shipping,Y,"tracking has said out for delivery for a week now, VR898561"
TK-247789,Email Frontline,0,Other,N,"Honestly regretting this purchase. Ordered Pulse 2 3 weeks back. card charged two times. I already checked with bank. I wnat a replacement or refund, nothing else"
TK-247792,Voice Frontline,0,Other,N,[IVR transcript] hi cancel order vr886251 kindly do the needful
TK-247797,Chat Frontline,0,Other,N,"Hello Vireo, obit mini purchased 3 weeks back, order VR903272. Want to cancel my order. I tried cancel button, greyed out. Nothing changed. Please help. Thank you"
TK-247800,Chat Frontline,0,Other,N,I moved houses yesterday & the order is going to the old flat. VR882052. can someone fix this?
TK-247808,Voice Frontline,0,Other,N,[IVR transcript] hi sir cancel order vr904300 the pulse 2 earbuds VR904300 anyone there
TK-247816,Chat Frontline,0,Connectivity,Y,Product: the Pulse 2 earbuds Purchased: December 27 Issue: can I connect two the Pulse 2 earbuds together Expected: callback
TK-247847,Escalations & Warranty,0,Other,N,"Hey, Got Pulse 2 from vireo.in around Diwali.  App shos the left at 0 percent no mattr how logn its in the case. I did the reset from the manual. Please call me on my registered number. Thank you,"
TK-247877,Email Frontline,0,Connectivity,Y,Product: Pulse 2 Order: VR884935 Purchased: November 24 Issue: cannot pair Pulse 2 with my laptop Tried: restarted the phone Expected: refund
TK-247880,Email Frontline,0,Other,N,"Hi, I bought Pulse 2 on 26-12-2025. Want to cancel my order. I tried cancel button, greyed out. Nothing changed. Please advise. Regards Ayaan Kumar"
TK-247886,Chat Frontline,0,Other,N,"your site keeps saying it sent me a code and my phone disagrees, vr884680"
TK-247891,Escalations & Warranty,0,Other,N,left earbud shows 0% and never chagres how do i get this fixed?
TK-247903,Chat Frontline,0,Billing & Payments,Y,Product: the Nexa 2 Order: VR905264 Purchased: 31/12 Issue: please share invoice with GST number Tried: tried different browser Expected: callback
TK-247919,Voice Frontline,0,Product Enquiry,Y,"[IVR transcript] before I buy - will this talk to a 2019 Samsung, VR898170"
TK-247926,Voice Frontline,0,Delivery & Shipping,Y,I haven't received my order
TK-247930,Email Frontline,0,Billing & Payments,Y,Really frustrating. Ordered Pulse2 around Diwali. invoice not downloading. I already tried different browser. Refund. Now.
TK-247948,Chat Frontline,0,Connectivity,Y,"bluetooth keeps cutting out, need this sorted this week"
TK-247955,Email Frontline,0,Delivery & Shipping,Y,the courier marked it delivered but nobody in my house got anything. pls advise
TK-247959,Chat Frontline,0,Other,N,"left earbud shows 0% and never charges, please resolve asap"
TK-247972,Email Frontline,0,Warranty & Repair,Y,"Product: Pulse2 Order: VR880106 Purchased: November 29 Issue: service cntre took it, now silence Tried: called service centre Expected: resolution"
TK-247977,Chat Frontline,0,Other,N,need to chaange delivery address
TK-247988,Email Frontline,0,Delivery & Shipping,Y,"hello change of mind, please stop the shipment"
TK-247991,Chat Frontline,0,Billing & Payments,Y,"Really frustrating. spare case puchased a month ago, order VR891263. pls share invoice w/ GST number. I already tried different browser. I want a replacement or refund, nothing else."
TK-247996,Email Frontline,1,Billing & Payments,Y,"Dear Sir/Madam,  I am writing w/ reference to my order of my Nexa (VR894561) placed on 31 Dec. Please share invoice w/ GST number. I have checked orders page. I request u to provide a resolution withi"
TK-248000,Chat Frontline,0,Other,N,payment went through but I got no order id.  VR887694
TK-248009,Voice Frontline,0,Billing & Payments,Y,"[IVR transcript] HI UPI SHOWS SUCCESS, YOUR APP SHOWS NOTHING THE PULSE 2 EARBUDS VR910147"
TK-248022,Chat Frontline,0,Warranty & Repair,Y,"dear sir/madam,  i am writing with reference to my order of my pulse 2 (vr882400) placed on 30-12-2025. my son ordered this without asking, please reverse. i have tried cancel button, greyed out. i re"
TK-248033,Chat Frontline,0,Charging & Battery,Y,Really frustrating. I bought the AirLite buds on 12 Jan. battery draining even when not in use. I already turned off always-on display. Fix this or I am posting on twitter.
TK-248041,Chat Frontline,0,Delivery & Shipping,Y,"hi team, ordered braided cable 3 weeks back. change of mind, please stop the shipment. kindly look into it. thank you,"
TK-248061,Voice Frontline,0,Connectivity,Y,[IVR transcript] Vrey poor quality. Ordered my Pulse 2 2 weeeks ago. the pairing light blinks but nothing ever shows up on my Vivo. I already forgot the device and tried again. Escalate this to someon
TK-248064,Voice Frontline,0,Delivery & Shipping,Y,"Hi Vireo support, I bought Pulse earbuds on 26/12. Change of mind, pls stop the shipment. I tried cancel button, greyed out. I want a replacement. Regards, Riya Pawra"
TK-248067,Chat Frontline,1,Other,N,pathetic experience honestly.  got the pulse 2 earbuds from vireo.in recently. the left one is dead every morning even though it was in the case all night. i already chhecked balance settings. i want 
TK-248070,Email Frontline,0,Other,N,hi want to cancel my order ailite earubds
TK-248071,Voice Frontline,0,Other,N,order status stuck on shipped since January 02
TK-248084,Chat Frontline,0,Delivery & Shipping,Y,"dear sir/madam,  i am writing with reference to my order of pulse 2 placed on december 30. change of mind, please stop the shipment. i have tried cancel button, greyed out. i request you to provide a "
TK-248106,Chat Frontline,0,Other,N,"helo right side works perfectly, left one just does not wake up ??"
TK-248109,Chat Frontline,0,Delivery & Shipping,Y,"very poor quality. my pulse 2 purchased 2 weeks ago, odrer vr880394. need to change delivery address. i already tried editing in app. tis is the last time i buy from you."
TK-248134,Chat Frontline,0,Other,N,hey order status stuck on shipped since 28-12-2025 the pulse buds VR899851 help
TK-248136,Email Frontline,1,Other,N,"hi there, this is regarding orbit mini. my son ordered this without asking, please reverse. i tried cancel button, greyed out. please call me on my registered number. regards, ishaan"
TK-248147,Chat Frontline,0,Billing & Payments,Y,"Dear Sir/Madam,  I am writing with reference to my order of the nexa smartwatch placed on 31 Dec. I was promised a discount on the call, invoice shows none. I have tried in caps. I request you to proc"
TK-248150,Escalations & Warranty,0,Other,N,this is very disappointing. order vr882875 (the pulse 2 earbuds). the left one has to be pressed down hard in the case or it does nothing. i already tried a different cable. fix this or i am posting o
TK-248163,Chat Frontline,0,Delivery & Shipping,Y,"Dear Sir/Madam, This is regarding the nexa smartwatch. Typo in the flat number, cuorier will never find it. I tried editing in app. Nothing changed. Can someone fix this? Thanks & regards,"
TK-248168,Chat Frontline,0,Connectivity,Y,Not acceptable at this price. Bought pulse 1 around 13/11 from vireo.in. random disconnects during calls. I already turned off wifi. Refund. Now.
TK-248173,Voice Frontline,1,Delivery & Shipping,Y,[IVR transcript] hii package not delivered even after 4 days pulse 2 buds VR893881 ??
TK-248174,Voice Frontline,0,Billing & Payments,Y,[IVR transcript] I have been a loyal customer and this is how you treat me. I bought Pulse2 on December 30. please share invoice with GST number. I already checked orders page. Fix this or I am postin
TK-248188,Email Frontline,1,Delivery & Shipping,Y,hello the courier marked it delivered but nobody in my house got anything pulse2 anyone there
TK-248216,Chat Frontline,0,Delivery & Shipping,Y,"hi, this is regarding pulse2. the courier marked it delivred but nobody in my house got anything. i called the courier. please help. rgds,"
TK-248222,Email Frontline,0,Other,N,"Really frustrating. Bought my Pulse 2 around 09-01-2026 from Flipkart. cancel order. I already tried canecl button, greyed out. Refund. Now."
TK-248231,Chat Frontline,0,Other,N,"Hello, Got AirLite from vireo.in recently.  My son ordered this without asking, please reverse. I tried cancel button, greyed out. Nothing changed. What do I do now? Awaiting reesponse Zaid"
TK-248253,Escalations & Warranty,0,Other,N,"honestly regretting this purchase. bought pulse2 around 22 dec from vireo.in. the l bud is basically a paperweight now, r is fine. i already tried different phone. this is the last time i buy from you"
TK-248260,Chat Frontline,0,Delivery & Shipping,Y,"This is very disappointing. This is regarding Nexa Fit. paid on 06 Jan, still waiting for something to show up. I already checked the tracking page daily. I want a replacement or refund, nothing else."
TK-248261,Email Frontline,0,Other,N,a hsis thta wasn't there when i bought it
TK-248263,Email Frontline,0,Other,N,"Dear Sir/Madam,  I am writing with reference to my order of the Pulse 2 earbuds (VR907251) placed on January 08. Cancel order VR907251. I have tried cancel button, greyed out. I request you to kindly "
TK-248267,Voice Frontline,0,Delivery & Shipping,Y,[IVR transcript] package not delivered even after 7 days. VR884038. i want a replacement
TK-248279,Chat Frontline,0,Connectivity,Y,I have been a loyal customer and this is how u treat me. Ordered my Pulse 2 last month. bluetooth pairing fails every time. I already tried on another phone. Fix this or I am posting on twitter.
TK-248297,Chat Frontline,0,Other,N,hello it has been 14 days and i have nothing in hand pulse 2 vr908536 hello??
TK-248298,Chat Frontline,0,Delivery & Shipping,Y,"Ordered Pulse 2 last week.  Typo in teh flat number, courier will never find it. I tried editing in app. Honestly regretting this purchase. Waiting for your reply. Thanks in advance"
TK-248307,Chat Frontline,0,Charging & Battery,Y,only the right one lights up when i put them in the case. vr900069. i want a replcement
TK-248312,Chat Frontline,0,Other,N,want to canecl my order please clal me on my registered number
TK-248313,Voice Frontline,0,Delivery & Shipping,Y,"[IVR transcript] typo in the flat number, courier will never find it"
TK-248318,Voice Frontline,0,Billing & Payments,Y,"[IVR transcript] paid via upi, amount deducted, no order confirmation vr895474 kindly look into it"
TK-248321,Chat Frontline,0,Other,N,"please cancel, ordered by mistake, waiting for your reply"
TK-248334,Voice Frontline,0,Delivery & Shipping,Y,hi update my shipping address my arc
TK-248335,Escalations & Warranty,0,Other,N,"left earbud dead, does not charge in case. VR884930. kindly look into it"
TK-248337,Chat Frontline,0,Other,N,I haven't receied my order
TK-248340,Email Frontline,0,Returns & Refunds,Y,"does Pulse 2 work with iPhone, VR907280, i want my money back"
TK-248341,Email Frontline,0,Other,N,promo coe shows invalid
TK-248343,Email Frontline,0,Other,N,"hi, order vr898067 (pulse 2).  want to cancel my order. i tried cancel button, greyed out. ntohing changed. not what i expected from vireo. waiting for yur reply. thanks in advance, joseph gaikwad"
TK-248350,Chat Frontline,0,Other,N,"hello, got my pulse 2 from vireo.in 10 days ago. my company accounts teaam is asking for the tax bill. please help. awaaiting response, isha arora"
TK-248353,Chat Frontline,0,Other,N,"Hi there, I bought my Orbit on 01-10-2025.  Cancel order. I tried cancel button, greyed out. Can someone fix this?"
TK-248364,Chat Frontline,0,Returns & Refunds,Y,"Bought pulse 2 buds around 01-01-2026 from vireo.in.  Payment was deducted but no order was created. I waited 24 hours. I want my money back. Rgds,"
TK-248368,Chat Frontline,0,Other,N,"Honestly regretting this purchase.  Bought repplacement case around 10/01 from vireo.in. my son ordered this without asking, please reverse. I already tried cancel button, greyed out. Refund. NOW."
TK-248377,Chat Frontline,0,Billing & Payments,Y,"This is very disappointing.  Pulse 2 purchased last week, order VR902725. double payment deducted. I already waited a week. Refund. Now."
TK-248391,Email Frontline,0,Warranty & Repair,Y,product: pulse 2 buds order: vr884333 purchased: 28-11-2025 issue: no update on my repair tried: emailed twice expected: callback
TK-248395,Email Frontline,0,Connectivity,Y,"namaste, i bought the pulse 2 earbuds on 24 dec. can i connect two the pulse 2 earbuds together. please resolve asap. rgds abhishek mittal"
TK-248431,Chat Frontline,0,Warranty & Repair,Y,"what is the status of my warranty claim, i want a replacement"
TK-248451,Email Frontline,0,Delivery & Shipping,Y,"i am losing patience. order vr902628 (pulse 2). typo in the flat number, courier will never find it. i arleady tried editing in app. this is the last time i buy from you."
TK-248465,Email Frontline,0,Returns & Refunds,Y,"HI, ORDER VR904662 (PULSE2). Before I buy - will this talk to a 2019 Samsung. I want my money back. Thank you,"
TK-248469,Chat Frontline,1,Delivery & Shipping,Y,"Hello Vireo, Got Pulse2 from vireo.in 10 dayys ago. Need to change delivery address. I tried editing in app. Nothing changed. What do I do now? Please revert Rajat Mukherjee"
TK-248472,Email Frontline,1,Charging & Battery,Y,"Dear team, Pulse 2 purchased around Diwali, order VR893618. The left earbud is not charging at all. I did the reset from the manual. I want my money back"
TK-248475,Escalations & Warranty,0,Other,N,"[IVR transcript] Bought pulse 2 buds around December 26 from Flipkart.  Left earbud shows 0% & never charges. I checked balance settings. Nothing changed. Please help. Thanks & regards,"
TK-248476,Email Frontline,0,Warranty & Repair,Y,"Dear team, Order VR905070 (Nexa watch).  Whhat is the status of my warranty claim. Waiting for your reply. Thanks & regards, Gurpreet Bhatt"
TK-248485,Email Frontline,0,Other,N,Product: the fit band Purchased: 29-05-2026 Issue: I moved houses yesterday and the order is going to the old flat Tried: tried editing in app Expected: refund
TK-248514,Email Frontline,0,Other,N,hii want to cancel my order help
TK-248526,Chat Frontline,0,Product Enquiry,Y,hey is pulse2 compatible with my tv pulse2
TK-248534,Chat Frontline,0,Other,N,"Product: my Pulse 2 Order: VR910770 Purchased: 06/01 Issue: cancel order VR910770 Tried: tried cancel button, greyed out Expected: fix"
TK-248543,Chat Frontline,0,Warranty & Repair,Y,"Namaste, Bought Pulse2 aroud December 17 from vireo.in.  Warranty claim pending for 14 days. How do I get thsi fixed? Thanks in advance, Rajat"
TK-248574,Email Frontline,0,Other,N,the festive offer vanished when I clicked pay
TK-248585,Chat Frontline,0,Other,N,Product: my Pulse 2 Purchased: 30/11 Issue: goes from full to empty during one commute Tried: turned off always-on display Expected: callback
TK-248595,Escalations & Warranty,2,Charging & Battery,Y,"bhai left side gives up after 20 mins, right lasts all day urgent"
TK-248605,Voice Frontline,0,Delivery & Shipping,Y,"really frustrating.  i bought my nexa 2 watch on 08 jan. need to change delivery address. i already tried editing in app. i wnat a replacement or refund, nothing else."
TK-248622,Escalations & Warranty,0,Other,N,"this is very disappointing. ordered pulse 2 buds 10 days ago. left earbud dead, does not charge in case. i already cleaned the contacts with a cloth. fix this or i am posting on twitter."
TK-248642,Chat Frontline,0,Other,N,"really frustrating. i bought nexa 2 on 24-11-2025. want to cancel my order. i already tried cancel button, greyed out. this is the last time i buy from you"
TK-248651,Chat Frontline,0,Other,N,"Hi team, orbit mini purchased 2 weeks ago, order VR895379.  My bank sayys Rs 2499 went to u but yoour site says I have no orders. How do I get this fixed? Awaiting response"
TK-248657,Chat Frontline,1,Other,N,Product: Pulse2 Purchased: November 30 Issue: app shows the left at 0 percent no matter how long its in the case Tried: tried a different cable Expected: refund
TK-248660,Email Frontline,0,Other,N,MONEY DEBITED BUT ORDER NOT SHOWING
TK-248668,Chat Frontline,0,Connectivity,Y,hello the pairing light blinks but nothing ever shows up on my realme my pulse 2 ??
TK-248672,Chat Frontline,0,Delivery & Shipping,Y,package not delivered even after 18 days. can someone fix this?
TK-248684,Email Frontline,0,Charging & Battery,Y,hello my order has not been delivered yet the charging case i ordered urgent
TK-248688,Email Frontline,0,Delivery & Shipping,Y,"product: pules 2 buds purchased: 13/01 issue: order not delivered, tracking not updating tried: checked with neighbousr expected: refund"
TK-248703,Email Frontline,0,Other,N,"bhai my son ordered thsi without asking, please reverse itna paias diya hai nxea watch vr904734 anyone there"
TK-248704,Chat Frontline,0,Delivery & Shipping,Y,not what i expected from vireo.  got the mni speakeer from vireo.in 10 days ago. i haven't received my order. i already checked with neighbours. thiis is the last time i buy from you.
TK-248713,Chat Frontline,0,Delivery & Shipping,Y,hi need to change delivery address help
TK-248716,Chat Frontline,0,Other,N,"Very poor quality.  MY PULSE 2 PURCHASED 2 WEEKS AGO, ORDER VR900250. paid on January 19, still waiting for something to show up. I already checked wth neighbours. This is the last time I buy from you"
TK-248721,Email Frontline,0,Other,N,"my son ordered this without asking, please reverse - vr909216 - please call me on my registered number"
TK-248727,Escalations & Warranty,0,Charging & Battery,Y,the left earbud is not charging at all
TK-248731,Chat Frontline,0,Other,N,HELLO ENTERED WRONG PINCODE MY NEXA FIT BAND
TK-248756,Voice Frontline,0,Other,N,hey card chaarged two times anyone theere
TK-248758,Voice Frontline,0,Delivery & Shipping,Y,hey the courier mrked it delivered but nobody in my house got anything the pulse 2 earbuds hello??
TK-248767,Chat Frontline,0,Other,N,"Dear team, This is regarding my Pulse 2.  My dad has an old Nokia, will the watch app run. I have been a loyal customer and this is how you treaat me. Kindly look into it."
TK-248771,Escalations & Warranty,0,Charging & Battery,Y,"hey left side gives up after 20 mins, right lasts all day hello??"
TK-248775,Email Frontline,0,Connectivity,Y,"Really frustrating.  Order VR910811 (the AirLite buds). two entries of Rs 4999 on my stateent for one pair of earbuds. I already checked w/ bank. I want a replacement or refund, nothing else."
TK-248778,Chat Frontline,0,Other,N,I moved houses yesterday and the order is going to the old flat
TK-248813,Chat Frontline,0,Other,N,"team, please cancel, ordered by mistake 3 weeks back se the nexa 2 vr907265 urgent"
TK-248823,Chat Frontline,0,Delivery & Shipping,Y,Product: pulse 2 buds Order: VR894004 Purchased: 22-01-2026 Issue: the couurier marked it delivered but nobody in my house got anything Tried: checked the tracking page daily Expected: callback
TK-248832,Chat Frontline,0,Delivery & Shipping,Y,"really frustrating.  i bought pulse 2 buds on 13-01-2026. paid on 13-01-2026, still waiting for something to show up. i already called the courier. i want a replacement or refund, nothing else."
TK-248844,Email Frontline,0,Other,N,"my son ordered this without asking, please reverse, please call me on my registered number"
TK-248845,Email Frontline,0,Other,N,order status stuck on shipped since 22/01 - can someone fix this?
TK-248858,Chat Frontline,0,Other,N,bought pulse2 around 19/01 from amazon.  the festive offer vanished when i clicked pay. i tried in caps. nothing changed. can someone fix this? please revert
TK-248863,Voice Frontline,0,Returns & Refunds,Y,"Hey, Order VR894534 (my Nexa Fit band). I moved houses yesterday and the order is going to the old flat. I tried editing in app. Nothing changed. I want my money back. Thanks in advance Gurpreet Nair"
TK-248884,Chat Frontline,0,Other,N,hi cancel order vr894968 hello??
TK-248886,Voice Frontline,0,Delivery & Shipping,Y,"[IVR transcript] I have been a loyal customer and this is how you treat me. I bought pulse 2 buds on 18/01. order not delivered, tracking not updating. I already called the courier. This is the lasst "
TK-248887,Voice Frontline,2,Other,N,[IVR transcript] [inaudible] ... charging ... [crosstalk] ... refund [inaudible]
TK-248903,Chat Frontline,0,Other,N,bhai my order has not been delivered yet pls jaldi urgent
TK-248912,Chat Frontline,0,Delivery & Shipping,Y,"Hey, Bought Orbit Mini around 10-01-2026 from Amazon. Update my shipping address. I tried editing in app. Please call me on my registered number. Thaanks in advance, Aadhya"
TK-248918,Chat Frontline,0,Other,N,"Hey, Bought my Pulse 2 around 12/01 from vireo.in. I moved houses yeserday and the order is going to the old flat. I tried editing in app. Can someone fix this?"
TK-248926,Email Frontline,0,Delivery & Shipping,Y,hii i haven't received my order pulse 2
TK-248935,Chat Frontline,0,Connectivity,Y,can I connect two pulse 2 buds together kindly look into it
TK-248943,Email Frontline,0,Delivery & Shipping,Y,"Dear Sir/Madam,  I am writing with reference to my order of the Pulse 2 earbuds (VR895401) placed on 25-01-2026.  Change of mind, please stop the shipment. I have tried cancel button, greyed out. I re"
TK-248965,Chat Frontline,0,Other,N,Product: the Pulse 2 earbuds Order: VR883437 Purchased: January 21 Issue: entered wrong pincode Tried: tried editing in app Expected: callback
TK-248986,Voice Frontline,0,Other,N,"not whta i expected frrom vireo. this is regarding pulse 2. watn to cancel my order. i already tried cancel button, greyed out. i want a replacement or refund, nothing else."
TK-248992,Voice Frontline,0,Other,N,[IVR transcript] HLO I MOVED HOUSES YESTERDAY AND THE ORDER IS GOING TO THE OLD FLAT REPLACEMENT CASE KINDLY DO THE NEEDFUL
TK-249014,Escalations & Warranty,0,Charging & Battery,Y,very poor quality. thiis is regarding my pulse 2. teh left earbud is not charging at all. i already claened the contacts with a cloth. refund. now.
TK-249019,Email Frontline,0,Other,N,want to cancel my order
TK-249025,Chat Frontline,1,Other,N,not acceptable at this price.  got the pulse 2 earbuds from amazon recently. does the pulse 2 earbuds work with iphone. escalate this to someone senior.
TK-249044,Chat Frontline,0,Other,N,"Hi, Bought the Pulse 2 earbuds around 26 Dec from Amazon. Left earbud shows 0% and never charges. I cleaned the contacts with a cloth. Nothing changed. I want a replacement. Regards, Ayaan Kumar"
TK-249055,Chat Frontline,0,Other,N,"hello vireo, got pulse2 from vireo.in 10 days ago.  my son ordered this without asking, please reverse. i tried cancel button, greyed out. really frustrating. can someone fix this? thanks in advance,"
TK-249056,Email Frontline,0,Billing & Payments,Y,"Product: the Pulse 2 earbuds Order: VR906299 Purchased: 25 Jan Issue: paid via UPI, amount deducted, no order confirmation Tried: waited 24 hours Expected: fix"
TK-249060,Chat Frontline,0,Other,N,"product: pulse2 order: vr910795 purchased: 19 jan issue: my son ordered this without asking, please reverse tried: tried cancel button, greyed out expected: callback"
TK-249063,Voice Frontline,0,Account & Login,Y,"[IVR transcript] namaste, got the pulse 2 earbuds form amazon 2 weeks ago. cannot login to my account. i tried on aother browser. how do i get tis fixed? regards anjali gupta"
TK-249068,Email Frontline,0,Delivery & Shipping,Y,"hey, my nexa fit band purchased last week, order vr905758. need to change delivery address. i tried editing in app. nothing changed. please advise."
TK-249079,Chat Frontline,0,Delivery & Shipping,Y,"Product: the AirLite buds Order: VR901249 Purchased: January 15 Issue: paid on January 15, still waiting for something to show up Tried: checkeed the tracking page daily Expected: resolution"
TK-249114,Chat Frontline,0,Other,N,"hello vireo, ordered pulse2 2 weeks ago.  cancel order. i tried cancel button, greyed out. very poor quality. can someone fix this? please revert"
TK-249117,Chat Frontline,0,Delivery & Shipping,Y,"Hey, Ordered my Arc recently. The courier marked it delivered but nobody in my house got anything. I checked w/ neighbours. Waiting for your reply. Thanks in advance Varun Qureshi"
TK-249118,Chat Frontline,0,Audio Quality,Y,Very poor quality. This is regarding teh AirLite buds. crackling sound in the right side. I already tried wired mode. Refund. Now.
TK-249127,Voice Frontline,0,Other,N,very poor quality. bought the pulse 2 earbuds around 19 jan from amazon. discount was not applied at checkout. i already tried in caps. this is the last time i buy from you.
TK-249159,Voice Frontline,0,Delivery & Shipping,Y,[IVR transcript] Pathetic experience honestly. Ordered 65W charrger in January. it has been 6 days and I have nothing in hand. I already checked the tracking page daily. Fix this or I am posting on tw
TK-249162,Chat Frontline,0,Other,N,hello ji screen lights up but does nothing when i touch abhi tak kuch nahi hua nexa watch pls reply
TK-249172,Chat Frontline,0,Other,N,Product: Pulse 2 Order: VR904782 Purchased: 14/01 Issue: left bud won't charge even after keeping it in the case overnight Tried: did the reset from the manual Expected: resolution
TK-249190,Chat Frontline,0,Other,N,"Hello Vireo, Bought the Pulse 2 earbuds around 30-01-2026 from vireo.in. Entered wrong pincode. Please resolve asap. Rgds"
TK-249199,Chat Frontline,0,Billing & Payments,Y,"Dear Sir/Madam, This is regarding Pulse2.  Paid via UPI, amount deducted, no order confirmation. I checked bank statement. Can someone fix this?"
TK-249202,Email Frontline,1,Connectivity,Y,connection drops constantly.  kindly look into it
TK-249206,Email Frontline,1,Other,N,cancel order  i want a replacement
TK-249215,Chat Frontline,0,Connectivity,Y,bluetooth pairing fails every time. VR895168. what do i do now?
TK-249222,Voice Frontline,0,Other,N,"I am losing patience. Bought the fit band around 18/01 from vireo.in. cancel order. I already tried cancel button, greyed out. Refund. Now."
TK-249239,Chat Frontline,0,Delivery & Shipping,Y,"product: the orbit smart speakeer order: vr897337 purchased: januay 26 issue: typo in the flat number, courier will never find it tried: tried ediitng in app expected: fix"
TK-249258,Email Frontline,0,Delivery & Shipping,Y,"Hey, I bought 65W charger on 25 Jan.  Need to change delivery address. I tried editing in app. Nothing changed. What do I do now? Regards, Aishwarya Bhatia"
TK-249261,Email Frontline,0,Billing & Payments,Y,i was charged twice for one order
TK-249273,Chat Frontline,0,Delivery & Shipping,Y,"Dear team, Bought the Pulse 2 earbuds around 21/01 from Amazon.  Typo in the flat number, courier will neveer find it. I want a replacement. Please revert, Sukhwinder"
TK-249277,Email Frontline,0,Delivery & Shipping,Y,Not what I expected form Vireo. Got pulse 2 busd from Amazon 3 weeks back. tracking has sadi out for delivery for a weeek now. I already called the courier. Refund. Now.
TK-249278,Chat Frontline,0,Other,N,"hi ordered the wrong colour, don't ship it nexa 2 anyone there"
TK-249287,Chat Frontline,0,Delivery & Shipping,Y,"dear sir/madam,  i am writing with reference to my order of pulse2 placed on 22/01. my order has not been delivered yet. i have checked the tracking page daily. i request you to look into this matter "
TK-249289,Chat Frontline,0,Connectivity,Y,very poor quality. got my strata 3 headphones from vireo.in 10 days ago. pairing is not working. i already forgot the device and tried again. escalate this to someone senior.
TK-249306,Escalations & Warranty,0,Other,N,This is very disappointing. This is regarding my Pulse 2. the left one is dead every morning even though it was in the case all night. I already checked balance settings. Refund. Now.
TK-249311,Email Frontline,0,Other,N,Relly frustrating. Got my Pluse 2 from vireo.in 2 weeks ago. entered wrong pincode. I already tried editing in app. Refund. Now.
TK-249317,Chat Frontline,0,Charging & Battery,Y,"ordered pulse 2 buds in december. left earbud not charging, right one is fine. i checked balance settings. can someone fix this? awaiting response om shah"
TK-249333,Chat Frontline,0,Audio Quality,Y,distorted audio at high volume
TK-249348,Chat Frontline,0,Audio Quality,Y,PRODUCT: THE PULSE 2 EARBUDS PURCHASED: 23 NOV ISSUE: BUZZING SOUND FROM THE SPEAKER TRIED: CHANED EQ EXPECTED: FIX
TK-249352,Email Frontline,0,Other,N,"Namaste, I bought pulse 2 buds on 03/11. The app closes itself the moment I tap on my device. I reinstalled the app. I want a replacement."
TK-249357,Chat Frontline,0,Charging & Battery,Y,"Hi, I bought the charging case I ordered on January 25.  Typo in the flat number, courier will never find it. I tried editing in app. Please help."
TK-249366,Chat Frontline,0,Charging & Battery,Y,"to the vireo customer care team,  i am writing w/ reerence to my order of pulse 2 buds placed on 11-01-2026.  the left earbud is not charging at all. i have removed and reinserted it 10 times. i reque"
TK-249372,Chat Frontline,0,Other,N,not what i expected from vireo. ordered pulse 2 around diwali. locked out of my own account since around diwali. i already tried on another browser. this is the last time i buy from you.
TK-249374,Chat Frontline,0,App & Firmware,Y,bhai app not opening after update kal se
TK-249384,Email Frontline,0,Warranty & Repair,Y,"Hi there, Thsi is regarding teh Pulse 2 earbuds. Warranty claim pending for 5 days. I called service centre. Can someone fix this? Please revert, Tanvi"
TK-249413,Voice Frontline,0,Connectivity,Y,[IVR transcript] hii audio keeps disconnecting every few minutes
TK-249422,Chat Frontline,0,Charging & Battery,Y,this is very disappointing. i bought the pulse 2 earbuds on 28 jan. battery baackup is terrible now. i alreayd fuly charged and discharged twice. refund. now.
TK-249428,Escalations & Warranty,0,Returns & Refunds,Y,"Dear team, Pulse2 purchased in December, oredr VR910590. The left one stopped charging since in December. I CLEANED THE CONTACTS WITTH A CLOTH. Nothing changed. I want my money back."
TK-249432,Email Frontline,0,Other,N,"Hey, Boguht Pulse 2 around 23-11-2025 from Flipkart. I have to charge it twice a day now, it used to last days. I fully charged and discharged twice. Nothing changed. I want a replacement. Awaiting re"
TK-249437,Chat Frontline,0,Other,N,hello payment was deducted but no order was created pulse 2
TK-249443,Email Frontline,0,Other,N,"To the Vireo Customer Care Team,  I am writing with reference to my order of my Pulse 2 (VR898231) placed on 24 Jan. Want to cancel my order. I have tried cancel button, greyed out. I request you to p"
TK-249444,Chat Frontline,0,App & Firmware,Y,the Vireo app keeps crashing
TK-249452,Chat Frontline,0,Connectivity,Y,"Dear Sir/Madam, Odrer VR883854 (Pulse2). Connectino drops constantly. I KEPT PHONE IN HAND. Nothing changed. What do I do now?"
TK-249468,Escalations & Warranty,1,Other,N,This is very disappointing. I BOUGHT PULSE2 ON 19-01-2026. left earbud shows 0% and nevver charges. I already tried another charger. Escalate this to someone senior.
TK-249484,Chat Frontline,0,Other,N,hi want to cancel my order the strata 3 VR881442 urgent
TK-249490,Chat Frontline,0,Delivery & Shipping,Y,Ordered Pulse2 around Diwali. My order has not been delivered yet. I checked the tracking page daily. Nothing changed. Can someone fix this? Please revert Joseph
TK-249494,Chat Frontline,0,Delivery & Shipping,Y,Product: Pulse 2 Order: VR896361 Purchased: 31-01-2026 Issue: tracking has said out for delivery for a week now Tried: checked with neighbours Expected: refund
TK-249502,Chat Frontline,0,Other,N,"Very poro quality.  Oredred my Pulse 2 weeeks ago. my son ordered this without asking, plaese reverse. I alerady tried cancel button, greyde out. Escalate this to someone senior."
TK-249524,Chat Frontline,0,Connectivity,Y,Product: my Nexa 2 wach Order: VR901158 Purchased: 24/01 Issue: two entries of Rs 4999 on my statement for one pair of earbuds Tried: checked wiht bank Expected: resolution
TK-249526,Email Frontline,0,Warranty & Repair,Y,"Dear Sir/Madam, Got my Pulse from vireo.in around Diwali. Warranty claim pending for 9 days. I called service centre. Nothing changed. What do I do now? Thanks"
TK-249532,Email Frontline,0,Delivery & Shipping,Y,"Not acceptable at this price.  This is regarding my Pulse 2. need to change delivery address. I already tried editing in app. I want a replaccement or refund, nothing else."
TK-249534,Chat Frontline,0,Delivery & Shipping,Y,"namaste, this is regarding pulse 2 buds. typo in the flat number, courier will never find it. i tried editing in app. please call me on my registered number. thanks, saanvi"
TK-249535,Chat Frontline,0,Other,N,"hi vireo support, bought pulse 2 around 02-02-2026 from vireo.in. i moved houses yesterday & the order is going to the old flat. can someone fix this? awaiting response"
TK-249554,Chat Frontline,0,Charging & Battery,Y,"Dear Sir/Madam, Ordered Pulse2 a month ago. Only the right one lights up when I put them in the case. Please advise. Regards,"
TK-249562,Chat Frontline,0,Other,N,"Hi there, I bought the Pulse 2 earbuds on January 24. Need to chane delivery address. Please ressolve asap. Regards Ritika"
TK-249577,Voice Frontline,0,Delivery & Shipping,Y,"[IVR transcript] Dear team, the Pulse 2 earbuds purchased 2 weeks ago, order VR888525. Typo in the flat number, courier will never find it. I TRIED EDITING IN APP. How do I get this fixed?"
TK-249592,Chat Frontline,0,Delivery & Shipping,Y,"change of mind, please stop the shipment - vr900521 - how do i get this fixed?"
TK-249598,Escalations & Warranty,0,Charging & Battery,Y,"to the vireo customer care team,  i am writing with reference to my order of the pullse 2 earbus placed on 14-01-2026. left side not charging in the case. i have tried a different cable. i request u t"
TK-249608,Voice Frontline,0,Connectivity,Y,Pathetic experience honestly. I bought Pulse 2 on December 29. audio keeps disconnecting every few minutes. I already reset both devices. Refund. Now.
TK-249610,Email Frontline,0,Other,N,"Hi, Bought Orbit speaker around 06/02 frmo Amazon.  My order has not ben delivered yet. Can someone fix this? Awaiting response Kabir Bhatt"
TK-249612,Chat Frontline,0,Charging & Battery,Y,"Hi team, I bought Strata 3 on September 26. Battery backup is terrible now. I fully charged and discharged twice. Nothing changed. Please call me on my registered number. Awaiting response,"
TK-249613,Email Frontline,0,Other,N,cancel order - what do i do now?
TK-249630,Chat Frontline,0,Delivery & Shipping,Y,"sir ji typo in the flat number, courier will never find it bahut pareshan hu my pulse VR908383"
TK-249632,Escalations & Warranty,0,Charging & Battery,Y,"the left earbud is not charging at all, please advise"
TK-249644,Email Frontline,0,Audio Quality,Y,"dear sir/madam,  i am writing with reference to my order of my pulse 2 (vr903403) placed on 09-01-2026. distorted audio at high volume. i have tried wired mode. i request you to process a refund to my"
TK-249649,Chat Frontline,0,Other,N,[IVR transcript] Not acceptable at this price. I bought my Pulse 2 on 30-01-2026. left pod no longer sits properly in the case & staays flat. I already cleaned the contacts with a cloth. I want a repl
TK-249662,Chat Frontline,0,Delivery & Shipping,Y,"got pulse2 from vireo.in around diwali. change of mind, please stop the shipment. waiting for your reply. thanks abhishek"
TK-249682,Voice Frontline,0,Other,N,HELLO MONEY DEBITED BUT ORDER NOT SHOWING ANYONE THERE
TK-249690,Email Frontline,0,Connectivity,Y,"team, pairring is not working 2 weeks ago se"
TK-249701,Chat Frontline,0,Delivery & Shipping,Y,"Dear team, Got AirLite from vireo.in 2 weeks ago. Tracking has said out for delivery for a week now. Please help. Thanks in advance"
TK-249702,Chat Frontline,0,Other,N,I have been a loyal customer and this is how u treat me. This is regarding Pulse 2. need to cange delivery address. I already tried editing in app. This is the last time I buy from u.
TK-249705,Chat Frontline,0,Other,N,"Honestly regretting this purchase. Ordered Pulse2 recently. want to cncel my order. I already tried cancel button, greyed out. This is the last time I buy from you."
TK-249714,Chat Frontline,0,Product Enquiry,Y,"To the Vireo Customer Care Team,  I am writing with reference to my order of airlite earbuds (VR885907) placed on January 24.  Is airlite eabruds compatible with my TV. I request you to look into this"
TK-249751,Chat Frontline,0,Other,N,"pllease cancel, ordered by mistake waiting for your reply"
TK-249765,Chat Frontline,0,Other,N,hii want to cancel my order
TK-249780,Email Frontline,1,Returns & Refunds,Y,"hi vireo support, boguht strata 3 around 22-12-2025 from vireo.in.  service centre took it, now silence. i called service centre. nothing changed. i want my money back"
TK-249783,Chat Frontline,0,Other,N,"Product: Pulse earbuds Order: VR891079 Purchased: 31-01-2026 Issue: change of mind, please stop the shipmennt Tried: tried cancel button, greeyd out Expected: resolution"
TK-249788,Voice Frontline,0,App & Firmware,Y,"[IVR transcript] the Vireo app keeps crashing, waiting for your reply"
TK-249790,Email Frontline,0,Other,N,"hii my dad has an old nokia, will the watch app run pulse 2 hep"
TK-249797,Voice Frontline,0,Other,N,"[IVR transcript] SIR JI MY SON ORDERED THIS WITHOUT ASKING, PLEASE REVERSE 3 WEEKS BACK SE"
TK-249815,Email Frontline,0,Delivery & Shipping,Y,Product: the Pulse 2 earbuds Order: VR883927 Purchased: 29 Jan Issue: I haven't received my order Tried: checked the tracking page daily Expected: refund
TK-249816,Email Frontline,0,Delivery & Shipping,Y,"Hi, Got my Pulse 2 from vireo.in last month. I haven't received my order. Please advise."
TK-249823,Email Frontline,0,Other,N,"Hi there, This is regarding pulse 2 buds. Card charged two times. How do I get this fixed? Thanks"
TK-249824,Email Frontline,0,Other,N,want to cancel my order
TK-249847,Voice Frontline,0,Other,N,Not what I expected fom Vireo.  This is regarding Pulse2. kepes losing my pohne if I walk to the otheer room. I already kept phone in hand. Escalate this to someone senior.
TK-249857,Chat Frontline,0,Other,N,hey it has been 6 days and i have nothing in hand
TK-249865,Escalations & Warranty,0,Charging & Battery,Y,"hello left earbud not charging, right one is fine pulse 2"
TK-249884,Escalations & Warranty,0,Charging & Battery,Y,"left earbud not charging, righht one is fine, waiting for yuor reply"
TK-249890,Chat Frontline,0,Delivery & Shipping,Y,"change of mind, please stop the shipment vr892584"
TK-249891,Chat Frontline,0,Warranty & Repair,Y,Product: Pulse2 Purchased: 15/01 Issue: no update on my repair Tried: called service centre Expected: callback
TK-249894,Escalations & Warranty,0,Charging & Battery,Y,"dear sir/madam, bought pulse 2 arouund 21-01-2026 fom vireo.in. left earbud not charging, right one is fine. i did the reset from the manual. nothing changed. i want my money back."
TK-249899,Chat Frontline,0,Audio Quality,Y,"Not acceptable at this price. Pulse2 purchased 3 weeks back, order VR888467. distorted audio at high volume. I already tried wired mode. I want a replacement or refund, nothing else."
TK-249917,Chat Frontline,0,Delivery & Shipping,Y,hey the courier markeed it delivered but nobody in my house got anything spare casse
TK-249930,Chat Frontline,0,Other,N,"hi, bought pulse 2 buds around 02/02 from vireo.in. i moved houses yesterday and the order is going to the old flat. i tried editing in app. nothing changed. please resolve asap. tahnk you faisal yada"
TK-249931,Email Frontline,0,Delivery & Shipping,Y,helo package not delivered even after 19 days the pulse 2 earbuds vr907987 pls reply
TK-249935,Escalations & Warranty,0,Other,N,Product: Pulse2 Purchased: 13 Jan Issue: left bud won't charge even after keeping it in the case overnight Tried: tried different phone Expected: replacement
TK-249940,Chat Frontline,0,Returns & Refunds,Y,"Hi Vireo support, Bought Strata 2 around August 04 from Amazon.  The login code never arrives, tried 6 times. I tried on another browser. I want my money back."
TK-249941,Chat Frontline,0,Delivery & Shipping,Y,"Pulse2 purchased in February, order VR887185. Update my shipping address. I tried editing in app. What do I do now? Thank you, Shreyya Pillai"
TK-249949,Escalations & Warranty,0,Other,N,[IVR transcript] i am losing patience. got the pulse 2 earbuds from amazon 2 weeks ago. left bud not taking charge. i already tried another charger. this is the lats time i buy from u
TK-249985,Email Frontline,0,Other,N,cancel order VR902657.  VR902657. can someone fix this?
TK-249999,Chat Frontline,0,Other,N,.
TK-250000,Chat Frontline,0,Other,N,"[IVR transcript] hello, this is regarding pulse 2. the left one is dead every morning even though it was in the case all night. can someone fix this?"
TK-250013,Email Frontline,0,Other,N,"team, sounds like a badly tuned radio now the pulse buds ??"
TK-250022,Email Frontline,0,Delivery & Shipping,Y,product: pulse 2 order: vr909829 purchased: 13-02-2026 issue: teh courier marked it delivered but nobody in my house got anything tried: called the courier expected: fix
TK-250031,Chat Frontline,0,Delivery & Shipping,Y,"To the Vireo Customer Care Team,  I am writing w/ reference to my order of Pulse2 placed on 15-02-2026. Need to change delivery address. I have tried editing in app. I request u to provide a resolutio"
TK-250032,Chat Frontline,0,Delivery & Shipping,Y,"Ordered my Pulse 2 last week.  Paid on 09 Feb, still waiting for something to sow up. I called the courier. NEED THIS SORTED THIS WEEK. Thanks Gurpreet Jain"
TK-250040,Email Frontline,0,Other,N,the left one stopped charging since a month ago. please help
TK-250046,Chat Frontline,0,Delivery & Shipping,Y,"dear sir/madam,  i am writing w/ reference to my order of pulse 2 buds placed on 01-02-2026. update my shipping address. i have tried editing in app. i request u to provide a resolution within 3 worki"
TK-250048,Email Frontline,0,Delivery & Shipping,Y,product: pulse 2 order: vr880089 purchased: 09 feb issue: tracking has saaid out for delivery for a week now tried: checked with neighbours expected: replaceemnt
TK-250077,Chat Frontline,0,Other,N,"product: orbit mini order: vr908085 purchased: 10-02-2026 issue: pls cancel, ordered by mistake tried: tried cancel button, greyed out expected: resolution"
TK-250079,Chat Frontline,0,Other,N,"Dear Sir/Madam,  I am wriitng with reference to my order of Pulse2 placed on 30-01-2026. Entered wrong pincode. I have tried editing in app. I request you to kindly arrange a replacement.  Regards, Sa"
TK-250083,Chat Frontline,0,Other,N,"change of mind, please stop the sipment - VR891643"
TK-250085,Email Frontline,0,Returns & Refunds,Y,"Hi team, I bought my Pulse 2 on 27/11. I sent the unit in 8 days ago and have heard nothing. I emailed twice. Nothing changed. I want my money back. Thanks & regards Manish Sen"
TK-250104,Email Frontline,0,Product Enquiry,Y,Product: Pulse 2 Order: VR887719 Purchased: 30-01-2026 Issue: is Pulse 2 compatible with my TV Expected: resolution
TK-250113,Escalations & Warranty,0,Charging & Battery,Y,left pod no longer sits properly in the case & stays flat
TK-250119,Chat Frontline,0,Other,N,"to the vireo customer care team,  i am writting witth reference to my order of the fit band (vr898410) placed on 04 feb. cancel order vr898410. i have tried cancel button, greyed out. i request you to"
TK-250121,Chat Frontline,0,Delivery & Shipping,Y,"change of mind, please stop the shipment - what do i do now?"
TK-250139,Chat Frontline,0,Other,N,"Hi team, Bought Pulse 2 around 06-02-2026 from vireo.in. Card charged two times. I checked w/ bank. Nothing changed. Need this sorted this week. Awaiting response Isha Kulkarni"
TK-250144,Email Frontline,0,Other,N,it has been 11 days and I have nothing in hand kindly look into it
TK-250147,Email Frontline,0,Other,N,product: nexa 2 order: vr900601 purchased: 03/02 issue: entered wrong pincode tried: tried editing in app expected: fix
TK-250148,Chat Frontline,0,Other,N,"Honestly regretting this purchase. Got Pulse 2 from Amazon 2 weeks ago. cancel order. I already tried cancel button, greyed out. Refund. Now."
TK-250162,Voice Frontline,0,Other,N,"[IVR transcript] Dear Sir/Madam, I bought my Pulse 2 on 20 Jan. Left earbud shows 0% and never charges. I removed and reinserted it 10 times. Nothing changed. I am losing patience. Please call me on m"
TK-250166,Email Frontline,0,Other,N,Product: pulse 2 buds Order: VR907817 Purchased: December 25 Issue: there is a frying sound in the background of every song Tried: triied wired mode Expected: calback
TK-250185,Email Frontline,0,Other,N,"hello vireo, i bought the pulse 2 earbuds on 16 feb. payment went through but i got no order id. i waited 24 hours. nothing changed. pathetic experience honestly. please help. please revert, tanvi"
TK-250195,Email Frontline,0,Other,N,hi i sent the unit in 15 days ago and have heard nothing my pulse 2 anyone there
TK-250202,Chat Frontline,0,Charging & Battery,Y,hey battery life has dropped to almost nothing hello??
TK-250208,Chat Frontline,0,Other,N,my order has not been delivered yet - VR889362
TK-250227,Chat Frontline,0,Other,N,"hey the l bud is basiically a paperweight now, r is fine kindly do the needful"
TK-250241,Voice Frontline,0,Other,N,helo i moved houses yesterday and the order is going to the old flat
TK-250257,Voice Frontline,0,Other,N,[IVR transcript] helo will this survive a shower
TK-250258,Chat Frontline,0,Other,N,I am losing patience.  I bought the Pulse 2 earbuds on February 08. I sent the unit in 11 days ago and have heard nothing. I already emailed twice. Fix this or I am posting on twitter.
TK-250259,Email Frontline,0,Other,N,"hii change of mind, please stop the shippment ??"
TK-250267,Email Frontline,0,Delivery & Shipping,Y,"chage of mind, please stop teh shipment"
TK-250270,Voice Frontline,0,Delivery & Shipping,Y,[IVR transcript] I haven't received my order. VR898251
TK-250279,Chat Frontline,1,Charging & Battery,Y,"team, left pod no longer sits properly in the case and stays flat the pulse 2 earbuds VR896049"
TK-250289,Email Frontline,0,Other,N,"Hi team, Bought pulse 2 buds around 15 Feb from Flipkart. Want to cancel my order. How do I get this fixed?"
TK-250305,Voice Frontline,0,Delivery & Shipping,Y,Honestly regretting this purchase. Got Pulse2 from vireo.in around Diwali. I haven't received my order. I already checked the tracking page daily. Refund. Now.
TK-250312,Voice Frontline,0,Other,N,"[IVR transcript] hello vireo, ordered my pulse 2 a month ago. order sttaus stukc on shipped since february 13. i checked with neighbours. nothing changed. please advise."
TK-250319,Chat Frontline,0,Other,N,"To the Vireo Customer Care Team,  I am writing with reference to my order of spare case (VR904685) placed on 07 Feb. I moved houses yesterday and the order is goiing to the old flat. I have tried edit"
TK-250325,Email Frontline,0,Other,N,"Hi there, Got my Nexa from vireo.in recently. The display just ignoores my fingger half teh time. I restarted. I want my moeny back. Thanks & regards, Diya George"
TK-250351,Chat Frontline,0,Delivery & Shipping,Y,"Dear Sir/Madam,  I am writing w/ reference to my order of AirLite placed on February 10. I haven't received my order. I have checked the tracking page daily. I request you to kindly arrange a replacem"
TK-250354,Chat Frontline,0,Other,N,app shows the left at 0 percent no matter how long its in the case
TK-250387,Chat Frontline,0,Other,N,locked out of my own account since 10 days ago - pls advise
TK-250407,Chat Frontline,0,Other,N,"Hi, Order VR893873 (my Pulse 2). The left one is dead every morning even though it was in the case all night. I tried another charger. NOTHING CHANGED. PLEASE CALL ME ON MY REGISTERED NUMBER."
TK-250410,Voice Frontline,0,Other,N,"please cancel, ordered by mistake, waaiting for your reply"
TK-250418,Escalations & Warranty,0,Other,N,"To the Vireo Customer Care Team,  I am writing with reference to my order of pulse 2 buds placed on 10-01-2026. Left bud not taking charge. I have cleaned the contacts with a cloth. I request you to l"
TK-250427,Voice Frontline,0,Other,N,want to cancel my order. VR886165
TK-250438,Chat Frontline,0,Product Enquiry,Y,"Dear Sir/Madam,  I am writing with reference to my order of the Pulse 2 earbuds placed on 02-02-2026. Before I buy - will this talk to a 2019 Samsung. I request you to process a refund to my original "
TK-250450,Chat Frontline,0,Other,N,hey need to cahnge delivery address nea 2 help
TK-250461,Chat Frontline,0,Other,N,it has been 10 days and i have nothing in hand
TK-250476,Voice Frontline,0,Other,N,[IVR transcript] sir ji entered wrong pincode 10 days ago se pulse 2 buds help
TK-250502,Voice Frontline,0,Other,N,"Namaste, This is regarding my Pulse. Please cancel, ordered by mistake. I tried cancel button, greyed out. Nohing changed. Need tihs sorted this week. Thanks in advance Rohan Menno"
TK-250527,Chat Frontline,0,Delivery & Shipping,Y,"the courier marked it delivered but nobody in my house got anything, kindly look into it"
TK-250535,Chat Frontline,0,Delivery & Shipping,Y,need to change delivery address.  NEED THIS SORTED THIS WEEK
TK-250538,Email Frontline,1,Audio Quality,Y,buzzing sound from the speaker. need this sorted this wek
TK-250542,Chat Frontline,0,Other,N,very poor quality. this is regarding my nexa 2 watch. can i connetc two my nexa 2 watch together. fix this or i am posting on twitter.
TK-250554,Email Frontline,0,Returns & Refunds,Y,"my son ordered this without asking, please reverse, i want my money back"
TK-250560,Voice Frontline,0,Warranty & Repair,Y,"Hi team, Got pulse 2 buds from vireo.in 3 weeks back.  Warranty cllaim pending for 12 days. I emailed twice. Nothing changed. Not wat I expected from Vireo. Need this sorted this week. Thank you,"
TK-250571,Voice Frontline,1,Delivery & Shipping,Y,UPDATE MY SHIPPING ADDRESS - I WANT MY MONEY BACK
TK-250572,Email Frontline,1,Delivery & Shipping,Y,"I haven't received my order, what do i do now?"
TK-250581,Chat Frontline,0,Delivery & Shipping,Y,the courier marked it delivered but nobody in my house got anything - what do i do now?
TK-250592,Chat Frontline,0,Other,N,sir ji i moved houses yesteday and the order is going to the old flat abhi tak kuch nahi hua kindly do the needful
TK-250597,Chat Frontline,2,Charging & Battery,Y,"Hi Vireo support, This is regarding pulse 2 buds. Left erabud not charging, right one is fine. Waiting for your reply. Awaiting response,"
TK-250612,Email Frontline,0,Other,N,"team, there is a frying sound in the background of every song my pulse 2 pls reply"
TK-250650,Chat Frontline,0,Other,N,"PRODUCT: PULSE 2 BUDS ORDER: VR904599 PURCHASED: 18 FEB ISSUE: CANCEL ORDER VR904599 TRIED: TRIED CANCEL BUTTON, GREYED OUT EXPECTED: REFUND"
TK-250655,Chat Frontline,0,Other,N,hii teh festive offer vanished when i clicked pay
TK-250661,Chat Frontline,0,Audio Quality,Y,"Hello Vireo, Ordered the Pulse 2 earbuds 10 days ago. Buzzing sound from the speaker. I changed EQ. Very poor quality. Need this sorted this week. Regards"
TK-250665,Chat Frontline,0,Delivery & Shipping,Y,"this is very disappointing. bought my pulse 2 around 19 feb from vireo.in. typo in the flat number, courier will never find it. i already tried editing in app. i want a replacement or refund, nothing "
TK-250670,Chat Frontline,0,Audio Quality,Y,"To the Vireo Customer Care Team,  I am writing with reference to my order of Pulse 2 placed on January 30. Static noise when playing music. I have changed EQ. I request you to process a refund to my o"
TK-250678,Chat Frontline,0,Billing & Payments,Y,product: the pulse 2 earbuds order: vr910536 purchased: 24-02-2026 issue: the invoice pdf link gives a 404 tried: tried different browser expected: callback
TK-250693,Chat Frontline,0,Delivery & Shipping,Y,Product: Pulse 2 Purchased: 21-02-2026 Issue: need to change delivery address Tried: tried editing in app Expected: resolution
TK-250696,Email Frontline,0,Other,N,Not what I expected from Vireo. Got Pulse2 from Amazon around Diwali. my phone just doesn't see it in the list anymore. I already tried on another phone. Refund. Now.
TK-250700,Chat Frontline,0,Other,N,"to the vireo customer care team,  i am writing w/ reference to my order of my pulse 2 (vr908604) placed on february 25. entered wrong pincode. i have tried editing in app. i request u to look into thi"
TK-250707,Chat Frontline,0,App & Firmware,Y,product: pulse2 purchased: november 23 issue: the vireo app keeps crashing tried: cleared cache expected: fix
TK-250715,Chat Frontline,0,Other,N,"right side works perfectly, left one just does not wake up"
TK-250725,Chat Frontline,0,Delivery & Shipping,Y,tracking has said out for delivery for a week now
TK-250737,Email Frontline,0,Other,N,want to cancel my order
TK-250742,Email Frontline,0,Other,N,"i am losing patience.  got pulse 2 buds from vireo.in a month ago. i have to charge it twice a day now, it used to last days. i already turned off always-on display. refund. now."
TK-250746,Chat Frontline,0,Other,N,hi sir i sent the unit in 5 days ago & haev heard nothing kcuh karo help
TK-250751,Email Frontline,0,Connectivity,Y,Not acceptable at this price. This is regarding Pulse 2. keeps losing my phone if I walk to the other room. I already turned off wifi. Escalate this to someone senior.
TK-250754,Chat Frontline,0,Other,N,"I have been a loyal customer and this is how you treat me.  Got Nexa 2 from vireo.in around Diwali. cancel order VR888433. I already tried cancel button, greyed out. Escalate this to someone senior."
TK-250755,Chat Frontline,0,Other,N,"This is very disappointing. Bought teh Nexa 2 around February 23 from vireo.in. my son ordered this without asking, please reverse. I already tried cancel button, greyed out. I wnat a replacement or r"
TK-250760,Escalations & Warranty,0,Charging & Battery,Y,"Hey, Bought Pulse2 around 29-12-2025 from vireo.in. Left side givs up after 20 mins, right lasts all day. I did teh reset from the manual. Wat do I do now? Thanks in advance,"
TK-250768,Chat Frontline,0,Other,N,helo payment was deducted but no order was created pulse2
TK-250784,Email Frontline,0,Other,N,left side not chraging in the case
TK-250790,Email Frontline,0,Audio Quality,Y,helo mic not working on calls the airlite buds
TK-250798,Chat Frontline,0,Warranty & Repair,Y,this is very disappointing. i bought my nexa 2 watch on july 21. strap pin came off. i already bought a third-party strap. fix this or i am postig on twitter.
TK-250809,Chat Frontline,0,Delivery & Shipping,Y,"Dear Sir/Madam, Got the Nexa 2 from vireo.in a month ago. Order not delivered, tracking not updating. Please resolve asap. Awaiting response, Neha Sandhu"
TK-250849,Voice Frontline,0,Other,N,the display just ignores my finger half the time - VR883808 - waiting for your reply
TK-250853,Chat Frontline,0,Other,N,"Dear Sir/Madam, the Nexa 2 purchased a month ago, order VR902289. Ordered the wrong colour, don't ship it. Waiting for your reply. Awaiting response"
TK-250856,Chat Frontline,0,Other,N,helo conncetion drops constantly pulse 2 buds vr907987
TK-250871,Chat Frontline,0,Other,N,"dear sir/madam, i bought the pulse 2 earbuds on february 28. order status stuck on shipped since february 28. i checked with neighbours. need this sorted this week. thank you"
TK-250874,Email Frontline,0,Delivery & Shipping,Y,bought pulse 2 buds around february 21 from flipkart.  i haven't received my order. i called the courier. not acceptable at this price. waiting for your reply. regards komal
TK-250887,Chat Frontline,0,Other,N,this is very disappointing. i bought the pulse 2 earbuds on february 20. entered wrong pincode. i already tried editing in app. this is the last time i buy from you.
TK-250896,Chat Frontline,0,Warranty & Repair,Y,product: the neckband order: vr907444 purchased: 24-09-2025 issue: no update on my repair tried: called service centre expected: fix
TK-250902,Chat Frontline,2,Warranty & Repair,Y,I have been a loyal customer and thsi is how you treat me. Bought my Nexa 2 watch around 24 Oct from vireo.in. the strap is tearing. I aready tried to fix pin. Fix this or I am posting on twitter.
TK-250903,Chat Frontline,0,Other,N,"Pulse 2 purchased last month, order VR887294. Cancel order VR887294. I tried cancel button, greyed out. Nothing changed. What do I do now?"
TK-250911,Chat Frontline,0,Other,N,"namaste, i bought pulse 2 buds on 15 feb. does pulse 2 buds work with iphone. how do i get this fixed?"
TK-250928,Chat Frontline,0,Other,N,DIES BY LUNCHTIME WITH LIGHT USE
TK-250930,Chat Frontline,0,Other,N,"the l bud is basically a paperweight now, r is fine"
TK-250934,Chat Frontline,0,Other,N,"Product: my Pulse 2 Purchased: February 24 Issue: cancel order  Tried: tried cancel button, greyed out Expected: replacement"
TK-250950,Email Frontline,0,Other,N,"To the Vireo Custoomer Care Team,  I am writing with reference to my order of the Pulse 2 earbuds (VR905181) placed on 06-12-2025. I hve to charge it twice a day now, it used to last days. I HAVE FULL"
TK-250951,Chat Frontline,1,Connectivity,Y,keeps losing my phone if i walk to the other room - vr889142 - pls call me on my registered number
TK-250954,Voice Frontline,0,Billing & Payments,Y,"[IVR transcript] Hi team, Got the Pulse 2 earbuds from vireo.in in February. Paiid via UPI, amount deducted, no order confirmation. I TRIED LOGGING OUT AND IN. Nothing changed. Can someone fix this? R"
TK-250955,Voice Frontline,0,Other,N,[IVR transcript] honestly regretting this purchase.  got my nexa fit bannd from vireo.in recently. i moved houses yesterday and the order is going to the old flat. i already tried editing in app. this
TK-250980,Email Frontline,0,Other,N,[IVR transcript] [line dropped]
TK-250982,Email Frontline,0,Warranty & Repair,Y,"Got the Pulse 2 earbuds from vireo.in 10 days ago.  Service centre took it, now silence. I emailed twice. Nothing changed. Need this sorted this week. Regards,"
TK-251007,Chat Frontline,0,Delivery & Shipping,Y,"Product: Pulse2 Order: VR893551 Purchased: 04-03-2026 Issue: order not delivered, tracking not updating Tried: called the courier Expected: callback"
TK-251014,Email Frontline,0,Delivery & Shipping,Y,"order not delivered, tracking not updating i want my money back"
TK-251017,Chat Frontline,1,Other,N,"since teh last udpate the app just sohws a white screen, i want my moeny back"
TK-251049,Chat Frontline,0,Warranty & Repair,Y,hey what is the status of my warranty claim airlite kindly do the needful
TK-251050,Chat Frontline,0,Delivery & Shipping,Y,"hey typo in the flat number, courier will never find it help"
TK-251057,Chat Frontline,0,Delivery & Shipping,Y,"hii typo in the flat number, courier will never find it pulse earbuds VR894038"
TK-251066,Chat Frontline,0,Other,N,this is very disappointing.  this is regarding the pulse 2 earbuds. left earbud shows 0% and never charges. i already tried a different cable. this is the last time i buy from you.
TK-251067,Voice Frontline,0,Other,N,[IVR transcript] hello cancel order vr885812 replacement case VR885812 ??
TK-251069,Email Frontline,0,Delivery & Shipping,Y,hey package not delivered even after 13 days urgent
TK-251076,Chat Frontline,0,Other,N,entered wrong pincode - i want a replacement
TK-251077,Chat Frontline,0,Other,N,"team, after a night in the case the left is at 0 & right at 100 kuch karo my pulse 2"
TK-251088,Chat Frontline,0,Other,N,Product: my Pulse 2 Order: VR906303 Purchased: 22 Jan Issue: my phone just doesn't see it in the list anymore Tried: tried on another phone Expected: refund
TK-251091,Chat Frontline,0,Warranty & Repair,Y,no update on my repair
TK-251108,Email Frontline,0,Other,N,hi cancel order vr907613 pulse2
TK-251121,Chat Frontline,0,Other,N,"Hey, I bought Nexa 2 on March 04. Please cancel, ordered by mistake. I tried cancel button, greyed out. What do I do now? Please revert,"
TK-251162,Chat Frontline,0,Other,N,"Really frustrating.  Bought the mini speaker around 06-03-2026 from vireo.in. cancel order VR886725. I already tried cancel button, greyed out. Escalate this to someone senior"
TK-251165,Email Frontline,0,Other,N,sir ji card charged two times itna paisa diya hai anyone there
TK-251179,Email Frontline,0,Billing & Payments,Y,hi teh page failed afer i paid and now nothing shows in my account replacement case kindly do the needful
TK-251206,Email Frontline,0,Delivery & Shipping,Y,"I am losing patience.  Got my Pulse 2 from vireo.in lsat week. typo in the flat number, courier will never find it. I already tried editing in app. This is the last time I buy from you."
TK-251207,Chat Frontline,0,Delivery & Shipping,Y,"hii order not delivered, tracking not updating my nexa fit band kindly do the needful"
TK-251213,Escalations & Warranty,1,Charging & Battery,Y,"dear sir/madam, i bought my pulse 2 on 08-02-2026. only the right one lights up when i put them in the case. i reset the buds. i want my money back. thank you, payal mehta"
TK-251215,Chat Frontline,0,Billing & Payments,Y,"dear sir/madam,  i am writing with reference to my order of pulse 2 buds (vr893680) placed on 26/02. the page failed after i paid and now nothing shows in my account. i have waiited 24 hours. i reques"
TK-251228,Voice Frontline,0,Other,N,"[IVR transcript] Hello Vireo, Ordered the mini speaker a month ago. Wifi setup faisl at the last step. I tried hotspot. What do I do now? Thank you"
TK-251238,Chat Frontline,1,Delivery & Shipping,Y,"sir ji change of mind, please stop the shipment bahut pareshan hu anyone there"
TK-251256,Voice Frontline,0,Other,N,"[IVR transcript] Hi team, This is regarding the cable. Disocunt was not applied at checkout. I tried on app and website. Ned this srted ths week."
TK-251265,Escalations & Warranty,0,Other,N,bhai left bud not taking charge abhi tak kuch nahi hua my pulse 2 vr901457 pls reply
TK-251276,Chat Frontline,0,Other,N,"Hi Vireo support, Ordered my Strata 2 headphones last month. My son ordered thsi without asking, please reverse. Need this sorted this week."
TK-251290,Email Frontline,0,Returns & Refunds,Y,"Dear Sir/Madam, This is regarding my Strata 3 headphones.  Not receiving OTP to login. I tried 5 times. I want my money back. Thanks in advance,"
TK-251312,Voice Frontline,0,Other,N,hi sir sounds like a badly tuned radio now kuch karo pls reply
TK-251316,Escalations & Warranty,0,Other,N,"[IVR transcript] left bud not taking charge, VR893973"
TK-251325,Chat Frontline,0,Other,N,Product: Pulse2 Order: VR896594 Purchased: 13/11 Issue: sounds like a badly tuned radio now Tried: changed EQ Expected: resolution
TK-251330,Chat Frontline,0,Delivery & Shipping,Y,Really frustrating. Order VR905388 (the Orbit smart speaker). need to change delivery address. I already tried editing in app. Thiis is the last time I buy frmo you.
TK-251336,Escalations & Warranty,0,Other,N,hii left bud won't charge even affter keeping it in teh case overnight
TK-251349,Voice Frontline,0,Other,N,"Hi Vireo support, Got pulse 2 buds from vireo.in last week. Please cancel, ordered by mistake. I tried cancel button, greyed out. Nothing changed. Waiting for your reply. Regards,"
TK-251358,Voice Frontline,0,Delivery & Shipping,Y,[IVR transcript] hey tracking has said out for delivery for a week now
TK-251371,Chat Frontline,0,Billing & Payments,Y,hii please share invoice with gst number pule 2 buds VR884190 urgent
TK-251375,Chat Frontline,0,Billing & Payments,Y,"Hi Vireo support, Bought my Strata 3 headphones around 05-03-2026 from Flipkart. Paid via UPI, amount deducted, no order confirmation. I tried logging out and in. How do I get this fixed?"
TK-251377,Chat Frontline,0,Warranty & Repair,Y,"to the vireo customer care team,  i am writing w/ reference to my order of the airlite buds placed on september 26. service centre took it, now silence. i have called service centre. i request you to "
TK-251378,Chat Frontline,1,Other,N,"Namaste, Ordered my Pulse 2 around Diwali.  App shows the left at 0 percent no matter how long its in the case. Waiting for your reply. Thanks in advance, Shreya"
TK-251402,Chat Frontline,0,Other,N,"Dear Sir/Madam,  I am writing with referene to my order of my Nexa 2 watch (VR895133) placed on 09/03. Money debted but order not showing. I have chceked bank statement. I request you to kindly arrang"
TK-251406,Chat Frontline,0,Other,N,"to the vireo customer care team,  i am writing with reference to my order of my nexa fit band (vr885731) placed on 13/03.  cancel order vr885731. i have tried cancel button, greyed out. i request you "
TK-251410,Chat Frontline,0,Other,N,Product: Pulse 2 Order: VR884094 Purchased: 01/02 Issue: left earbud shows 0% and never charges Tried: removed and reinserted it 10 times Expected: resolution
TK-251423,Chat Frontline,0,Connectivity,Y,hii random disconnects during calls pulse earbuds
TK-251431,Chat Frontline,0,Other,N,I have been a loyal cstomer and this is how you treat me. Got Pulse 2 from Flipkart in February. sounds like a badly tuned radio now. I already tried wired mode. Escalate this to someone senior.
TK-251435,Voice Frontline,0,Other,N,[IVR transcript] hi order status stuck on shipped siince march 08 airlite earbuds kindly do teh needful
TK-251436,Email Frontline,0,Delivery & Shipping,Y,Product: the fit band Order: VR885240 Purchased: Maarch 06 Issue: I haven't received my order Tried: called the cuorier Expected: callbacck
TK-251465,Chat Frontline,0,Other,N,hi sir my order has not been delivered yet abhi tak kuch nahi hua
TK-251477,Chat Frontline,0,Billing & Payments,Y,the page falied after i paid and now nothing shows in my accoount - vr889668 - i wnt my money back
TK-251480,Email Frontline,0,Other,N,Very poor quality. Order VR883288 (pulse 2 buds). entered wronng pincode. I already tried editing in app. This is the last time I buy from you
TK-251484,Chat Frontline,0,Warranty & Repair,Y,"honestly regretting this purchase. nexa 2 purchased 10 daays ago, order vr887996. the little metal pin fell out and now it won't stay on my wrist. i alreday bought a third-party strap. i waant a repla"
TK-251485,Chat Frontline,0,Other,N,"Hi, Pulse2 purchased around Diwali, order VR901063. Does Pulse2 work with iPhone. Kindly look into it."
TK-251488,Escalations & Warranty,0,Charging & Battery,Y,"helo left earbud not charging, right one is fine anyone there"
TK-251502,Chat Frontline,0,Warranty & Repair,Y,"To the Vireo Customer Care Team,  I am writing with reference to my order of the Pulse 2 earbuds placed on 28 Jan.  Claim number RMA32139, anyne alive there?. I have called service centre. I request y"
TK-251506,Email Frontline,0,Other,N,"hi my son ordered this without asking, please reverse my pulse ??"
TK-251507,Chat Frontline,0,Connectivity,Y,Product: the Pulse 2 earbuds Order: VR893551 Purchased: Mrch 04 Issue: two entries of Rs 4999 on my statement for one pair of earbuds Tried: checked with bank Expected: refund
TK-251509,Chat Frontline,0,Other,N,"Dear Sir/Madam, Got the nexa smartwatch from vireo.in around Diwali. My son ordered this without asking, pls reverse. I tried cancel button, greyed out. Nothing changed. Please resolve asap. Thank u"
TK-251514,Email Frontline,0,Delivery & Shipping,Y,sir ji i haven't received my order please jaldi ??
TK-251515,Email Frontline,1,Warranty & Repair,Y,"Hi Vireo support, This is regarding the nexa smartwatch.  The strap is tearing. I tried to fix pin. Nothing changed. What do I do now?"
TK-251516,Chat Frontline,0,Warranty & Repair,Y,"DEAR SIR/MADAM,  I AM WRITING WITH REFERENCE TO MY ORDER OF MY NEXA PLACED ON 05 JAN. I sent the unit in 4 days ago and have heard nothing. I have called service centre. I requet you to provide a reso"
TK-251536,Email Frontline,0,Delivery & Shipping,Y,"hey typo in the flat number, courier will never find it"
TK-251540,Email Frontline,0,Billing & Payments,Y,Ordered the charging case I ordered 10 days ago. Invoice not downloading. I tried different browser. I am losing patience. Need this sorted this week. Rgds Amit Trivedi
TK-251544,Chat Frontline,0,Other,N,"Dear Sir/Madam,  I am writing with reference to my order of my Nexa 2 watch (VR895133) placed on 09-03-2026. Ordered the wrong colour, don't ship it. I have trieed cancel button, greyed out. I request"
TK-251549,Chat Frontline,0,Returns & Refunds,Y,"namaste, this is regarding the orbit smart speaker. pressing the button does absolutely nothing. i tried different socket. i want my money back. thank you,"
TK-251598,Chat Frontline,0,Other,N,one of them (left) never gets the green light in the case
TK-251617,Email Frontline,0,Delivery & Shipping,Y,"typo in the flat number, courier will never find it - please call me on my registered number"
TK-251630,Voice Frontline,0,Delivery & Shipping,Y,"Hi team, I bought my Arc on 05 Mar. Order not delivered, tracking not updating. Kindly look into it."
TK-251643,Voice Frontline,0,Other,N,[IVR transcript] since the last update the app just shows a white screen VR902620
TK-251652,Chat Frontline,0,Other,N,"product: pulse2 order: vr908604 purchased: 25/02 issue: my dad has an old nokia, will the watch app run expected: callback"
TK-251662,Chat Frontline,0,Delivery & Shipping,Y,update my shipping address - need this sorted this week
TK-251675,Email Frontline,0,Other,N,"Hi, Tihs is regarding the minni speaker. My son ordered this withouut asking, please reverse. I want a replacement."
TK-251682,Chat Frontline,0,Charging & Battery,Y,Product: the Pulse 2 earbuds Order: VR904089 Purchased: January 17 Issue: left side not charging in the case Tried: tried another charger Expected: refund
TK-251686,Chat Frontline,0,Other,N,not acceptable at this price. this is regarding the airlite buds. does the airlite buds work with iphone. escalate this to someone senior.
TK-251699,Voice Frontline,1,Audio Quality,Y,[IVR transcript] hello distorted audio at high volume help
TK-251702,Chat Frontline,0,Delivery & Shipping,Y,I have been a loyal customer and this is how you treat me. This is regarding my Pulse. I haven't received my order. I already checked with neighbours. Refund. Now.
TK-251709,Chat Frontline,0,Delivery & Shipping,Y,need to change delivery address
TK-251733,Voice Frontline,0,Warranty & Repair,Y,"really frustrating.  bought the fit band around 04 feb frrom flipkart. the band snapped while i was putting it on this morning. i already bought a third-party strap. i want a replacement or refund, no"
TK-251749,Chat Frontline,0,Delivery & Shipping,Y,package not delivered even after 21 days
TK-251750,Chat Frontline,0,Other,N,"Hey, This is regarding my Nexa 2 watch.  My dad has an old Nokia, will the watch app run. Can someone fix this? Regards Faisal"
TK-251755,Chat Frontline,2,Charging & Battery,Y,[IVR transcript] i have been a loyal customer and this is how you treat me. order vr905516 (pulse 2 buds). only the right one lights up when i put them in the case. i already tried a different cable. 
TK-251771,Chat Frontline,0,Returns & Refunds,Y,"hi team, i bought pulse2 on 19/02. can't get past the loading screen in the app. i want my money back. thanks in advance,"
TK-251785,Email Frontline,0,Other,N,HELO THE LEFT ONE STOPPPED CHARGING SINCE AROUND DIWALI PULSE 2 BUDS VR886557
TK-251804,Chat Frontline,1,Audio Quality,Y,"To the Vireo Customer Care Team,  I am writing with reference to my order of my Pulse 2 placed on 20 Nov. Distorted audio at high volume. I have tried wired mode. I REQUEST YOU TO KINDLY ARRANGE A REP"
TK-251816,Email Frontline,0,Other,N,"to the vireo customer care team,  i am writing with reference to my order of nexa 2 (vr893690) placed on 10 mar. order status stuck on shipped sinnce 10 mar. i have checked with neighbours. i request "
TK-251835,Escalations & Warranty,0,Returns & Refunds,Y,"Hi team, Bought pulse 2 buds around 07-02-2026 from vireo.in. The left one only charges if the lid is held shut. I watn my money back"
TK-251843,Voice Frontline,0,Other,N,[IVR transcript] there is a frying sound in the background of every song vr899535 please resolve asap
TK-251853,Chat Frontline,0,Returns & Refunds,Y,"payment was deducted but no order was created, i want my money back"
TK-251861,Email Frontline,0,Delivery & Shipping,Y,"hello change of mind, please stop the shipment my arc anyone there"
TK-251869,Email Frontline,0,Other,N,"hi pls cancel, ordered by mistake ??"
TK-251875,Chat Frontline,0,Warranty & Repair,Y,"Namaste, Ordered the Nexa 2 10 days ago.  The band snapped while I was putting it on this morning. Can someone fix this? Rgds Sai"
TK-251881,Email Frontline,0,Warranty & Repair,Y,Bought pulse 1 around 28/10 from vireo.in. I sent the unit in 7 days ago and have heard nothing. I called service centre. Can someone fix this?
TK-251887,Voice Frontline,1,Charging & Battery,Y,battery life has dropped to almost nothing
TK-251895,Email Frontline,0,Other,N,product: the cable order: vr891003 purchased: 02/01 issue: locked out of my own accounnt since 10 days ago tried: tried 5 times expected: refund
TK-251898,Voice Frontline,0,Other,N,"[IVR transcript] want to cancel my order, vr887099"
TK-251905,Chat Frontline,0,Other,N,not acceptable at this price. this is regarding pulse 2 buds. my order has not been delivered yet. i already checked the tarcking page daily. this is the last time i buy from u.
TK-251909,Chat Frontline,0,Other,N,"pathetic experience honestly.  got nexa 2 from vireo.in around diwali. cancel order. i already tried cancel button, greyed out. escalate this to someone senior"
TK-251923,Chat Frontline,0,Billing & Payments,Y,product: pulse2 order: vr886813 purchased: 24-03-2026 issue: the page faiiled after i paid and now nothing shows in my account tried: tried logging out and in expected: fix
TK-251925,Email Frontline,0,Delivery & Shipping,Y,update my shipping address - VR908827
TK-251935,Chat Frontline,0,Charging & Battery,Y,"hi there, ordered the charging case i ordered 2 weeks ago. change of mind, please stop the shipment. i tried cancel button, greyed out. nothing changed. how do i get this fixed? thanks in advance"
TK-251937,Escalations & Warranty,0,Other,N,this is regarding the pulse 2 earbuds.  left bud won't charge evne after keeping it in the case overnight. can someone fix this?
TK-251938,Chat Frontline,0,Delivery & Shipping,Y,this is v disappointing.  ordered my nexa 2 watch last month. update my shipping address. i already tried editing in app. fix this or i am posting on twitter.
TK-251963,Escalations & Warranty,0,Other,N,hello affter a night in the case the left is at 0 and right at 100 the pulse 2 earbuds kindly do the needful
TK-251965,Chat Frontline,0,Other,N,there is a frying sound in the background of every song VR887489
TK-251975,Voice Frontline,0,Delivery & Shipping,Y,"[IVR transcript] order not delivered, tracking not updating plaese reslove aspa"
TK-251994,Email Frontline,0,Billing & Payments,Y,hello ji need gst invoice for my order nexa fit anyone there
TK-251995,Chat Frontline,0,Connectivity,Y,hello audio keeps disconnecting every few minutes urgent
TK-252001,Chat Frontline,0,Other,N,"Hi team, This is regarding pulse 2 buds.  I have to charge it twice a day now, it used to last days. I updated the app. Nothing changed. Need this sorted this week. Thanks & regards, Lakshmi Jadhav"
TK-252008,Email Frontline,1,Other,N,want to cancel my order.  VR888095
TK-252037,Chat Frontline,0,Other,N,"need to change delivery adress, how do i get this fixed?"
TK-252040,Email Frontline,0,Other,N,"To the Vireo Customer Care Team,  I am writing with reference to my order of pulse 1 (VR888737) placed on 26-03-2026. I moved houses yesterday and the order is going to the old flat. I have tried edit"
TK-252043,Chat Frontline,0,Other,N,"Hi there, Got the Pulse 2 earbuds from vireo.in around Diwali.  I sent the unit in 7 days ago and have heard nothing. What do I do now? Thank u,"
TK-252051,Email Frontline,0,Other,N,"Hey, Bought my Nexa 2 watch around 21-03-2026 from Amazon.  Please cancel, ordered by mistake. I tried cancel button, greyed out. Please advise. Regards"
TK-252061,Chat Frontline,0,Product Enquiry,Y,hi is orbit mini compatible with my tv help
TK-252063,Chat Frontline,0,Charging & Battery,Y,"To the Vireo Customer Care Team,  I am writing with reference to my order of the Pulse 2 earbuds (VR883010) placed on 22-01-2026. Battery draining een when not in use. I have fully charged and dischar"
TK-252071,Voice Frontline,0,Delivery & Shipping,Y,"Hi team, Ordered Strata 2 last week. It has been 11 days and I have nothing in hand. I checked the tracking page daily. Nothing changed. Waiting for ur reply."
TK-252073,Chat Frontline,0,Delivery & Shipping,Y,"Hello Vireo, I boguht the strata 3 on 27-03-2026. Change of mind, plese stop the shipment. Watiing for your reply"
TK-252076,Email Frontline,0,Returns & Refunds,Y,"does spare case work with iphone, i want my money back"
TK-252080,Email Frontline,0,Other,N,"Namaste, Got my Strata 2 headphonse from vireo.in 10 days ago. My son ordered tihs without asking, please reverse. I tried cancel button, greyed out. Nothing changed. Kindly look into it. Thanks in ad"
TK-252089,Email Frontline,0,Charging & Battery,Y,hello battery backup is terrible now pulse2 ??
TK-252108,Chat Frontline,0,Other,N,hello want to cancel my order orbit mini vr884752 urgent
TK-252125,Chat Frontline,0,Other,N,hi money debited but order not showing urgent
TK-252135,Chat Frontline,0,Other,N,"Hi there, Ordered my Pulse 2 in April. My dad has an old Nokia, will the watch app run. Please help."
TK-252147,Chat Frontline,0,Account & Login,Y,not receiving OTP to login - can someone fix this?
TK-252161,Chat Frontline,1,Product Enquiry,Y,Not what I expecetd from Vireo. This is regarding my Strata 2 headphones. is my Strata 2 headphones compatible with my TV. Refund. Now.
TK-252168,Chat Frontline,0,Returns & Refunds,Y,warranty claim pending for 6 days - vr882205 - i want my money back
TK-252189,Chat Frontline,0,Delivery & Shipping,Y,"not acceptable at this price. thhis is regarding pulse2. update my shipping address. i already tried editing in app. i want a replacement or refund, nothing else."
TK-252210,Email Frontline,0,Audio Quality,Y,"Hi there, Got the Pulse 2 earbuds from Amazon in January. Distorted audio at high volume. I tried wired mode. Nothing changed. Whaat do I do now?"
TK-252222,Email Frontline,0,Other,N,"Hello Vireo, Got orbit mini from vireo.in 2 weeks ago. My dad has an old Nokia, will the watch app run. Can someone fix this? Please revert Anjali"
TK-252225,Chat Frontline,0,Other,N,"hi there, i bought the fit band on 29 mar. cancel order. i tried cancel button, greyed out. nothing changed. please call me on my registered number. thanks in advance,"
TK-252239,Chat Frontline,0,Other,N,Product: my Pulse Order: VR890102 Purchased: 22-03-2026 Issue: sounds like a badly tuned radio now Tried: changed EQ Expected: replacement
TK-252240,Chat Frontline,0,Other,N,cancel order 
TK-252244,Chat Frontline,0,Delivery & Shipping,Y,"Dear Sir/Madam, Got my Pulse from vireo.in arouund Diwali. I haven't received my order. I checked with neighbours. Kindly look into it. Thanks & regards, Komal"
TK-252280,Email Frontline,0,Other,N,i moved houses yesterday and the order is going to the old flat
TK-252283,Email Frontline,0,Other,N,I bought Pulse 2 on 03-04-2026.  Want to cancel my order. I want a replacement.
TK-252289,Chat Frontline,0,Other,N,my phone just doesn't see it in the list anymore
TK-252292,Chat Frontline,0,Warranty & Repair,Y,no update on my repair can someone fix this?
TK-252317,Chat Frontline,0,Account & Login,Y,very poor quality. this is regarding my pulse 2. not receiving otp to login. i already tried on another browser. escalate this to someone senior.
TK-252324,Chat Frontline,0,Audio Quality,Y,"hi, order vr910462 (my pulse 2). buzzing sound frrom teh speaker. i tried different apps. please call me on my registered number. pease revert, thomas"
TK-252331,Email Frontline,0,Other,N,hi want to cancel my order help
TK-252344,Email Frontline,0,Other,N,"hi, got my nexa fit band from amazon a month ago.  i moved houses yesterday and the order is going to the old flat. waiitng for your reply"
TK-252345,Email Frontline,0,Returns & Refunds,Y,"Dear Sir/Madam, Ordered my Nexa 2 watch a month ago.  No update on my repair. I want my money back. Awaiting response, Neha Sandhu"
TK-252352,Voice Frontline,0,Other,N,Ordered the Orbit samrt speaker in March.  My company accounts team is asking for the tax bill. I checked orders page. Nothing changed. What do I do now? Please revert Aarav
TK-252370,Chat Frontline,0,Other,N,hi it has been 7 days and i have nothing in hand pulse 1 urgent
TK-252372,Voice Frontline,0,Other,N,[IVR transcript] entered wrong pincode. VR905907
TK-252374,Voice Frontline,0,Other,N,"dear sir/madam, i bought the orbit smart speaker on 31 mar. cancel order vr901554. kindly look into it."
TK-252388,Voice Frontline,0,Delivery & Shipping,Y,"[IVR transcript] Dear Sir/Madam, Strata 3 purchased 2 weeks ago, order VR889610. Change of mind, pls stop the shipment. Please resolve asap. Thankks in advance,"
TK-252392,Voice Frontline,1,Other,N,"[IVR transcript] hi my son ordered this without asking, please reverse nexa 2 VR910193"
TK-252396,Chat Frontline,0,Other,N,Product: replacement case Order: VR886568 Purchased: 04-04-2026 Issue: entered wrong pincode Tried: tried editing in app Expected: callback
TK-252420,Chat Frontline,0,Other,N,Really frustrating. Order VR899652 (airlite earbuds). I moved houses yesterday & the order is going to the old flat. I already tried editing in app. This is the last time I buy from you.
TK-252422,Email Frontline,0,Other,N,can't get past the loading screen in the app vr902111
TK-252430,Email Frontline,0,Other,N,my bank shows the same amount twice on the same day. can someone fix this?
TK-252439,Chat Frontline,0,Other,N,Product: Pulse2 Order: VR895533 Purchased: 23/10 Issue: the sound stutters whenever my phone is in my pocket Tried: turned off wifi Expected: fix
TK-252441,Email Frontline,0,Connectivity,Y,"Dera Sir/Madam, Ordered Pulse 2 in March. Audio keeeps disconnecting eevry few minutes. I reset both devices. Need this sorted this week. Thank you, Varun"
TK-252443,Voice Frontline,0,Delivery & Shipping,Y,"Namaste, I bought my Nexa Fit band on 10-04-2026. Change of mind, please stop the shipment. I tried cancel button, greyed out. Nothing changed. Kindly look into it. Regards, Swati"
TK-252445,Chat Frontline,0,Other,N,helo cancel order vr897942 kindly do the needful
TK-252448,Voice Frontline,0,Other,N,"[IVR transcript] hi team, got your charger from vireo.in 10 days ago. my bank syas rs 4999 went to you but your site says i have no orders. please resolve asap. thanks thomas dhillon"
TK-252460,Escalations & Warranty,0,Charging & Battery,Y,"hi sir left earbud not charging, right one is fine please jaldi hello??"
TK-252462,Chat Frontline,0,Other,N,"Dear Sir/Madam,  I am writing with reference to my order of airlite earbuds placed on 30-03-2026.  A hiss that wasn't there when I bought it. I have changed EQ. I request you to kindly arrange a repla"
TK-252464,Chat Frontline,0,Delivery & Shipping,Y,Product: the Orbit smart speaker Order: VR905120 Purchased: 05 Apr Issue: my order has not been delivered yet Tried: checked the tracking page daily Expected: replacement
TK-252474,Email Frontline,1,Connectivity,Y,"Namaste, Ordered the fit band around Diwali. Not pairing with my phone. I want a replacement. Please revert"
TK-252476,Email Frontline,0,Delivery & Shipping,Y,"product: strata 3 order: vr907938 purchased: march 29 issue: typo in the flat number, courier will never find it tried: tried editing in app expected: resolution"
TK-252492,Chat Frontline,0,Warranty & Repair,Y,"Product: Nexa 2 Order: VR896547 Purchased: 13-10-2025 Issue: claim number RMA26617, anyone alive there? Tried: emailed twice Expected: fix"
TK-252507,Chat Frontline,0,Other,N,"Not acceptable at this price.  I bougth pulse 2 buds on April 10. ordered the wrong colour, don't shhip it. I alraedy tried cancel button, gryeed out. This is the last time I buy from you."
TK-252508,Email Frontline,0,Delivery & Shipping,Y,"to the vireo customer care team,  i am writing with reference to my order of the pulse 2 earbuds (vr906864) placed on april 08. package not delivered even after 11 days. i have checked the tracking pa"
TK-252515,Email Frontline,0,Billing & Payments,Y,i have been a loyal customer and this is how you treat me.  ordered nexa 2 last month. coupon code not working. i already tried in caps. fix tis or i am posting on twitter.
TK-252523,Chat Frontline,0,Other,N,"Hello Vireo, Ordered the Pulse 2 earbuds 10 days ago.  Cancel order. I tried cancel button, greyed out. Nothing changed. Not what I expected from Vireo. Can someone fix this?"
TK-252528,Voice Frontline,0,Other,N,"hi there, ordeered the mini speaker 10 days ago. cancel order. i want a replacement."
TK-252542,Email Frontline,0,Returns & Refunds,Y,"Hey, Bought Nexa Fit around 22/01 from vireo.in. No update on my repair. I emailed twice. Nothing changed. I want my money back. Thanks in advance,"
TK-252549,Chat Frontline,0,App & Firmware,Y,bhai the vireo app keeps crashing pls jaldi the pulse buds vr899052 kindly do the needful
TK-252553,Voice Frontline,0,Other,N,"not acceptable at this price. ordered the strata 3 3 weeks back. ordered the wrong colour, don't ship it. i already tried cancel button, greyed out. this is the last time i buy from you."
TK-252595,Chat Frontline,0,Other,N,"This is regarding the Nexa 2. Wat to cancel my order. Waiting for your reply. Please revert, Kabir Mehta"
TK-252602,Chat Frontline,0,Other,N,cancel order vr893629
TK-252610,Chat Frontline,0,Account & Login,Y,Product: my Nexa 2 watch Order: VR893209 Purchased: 01 Apr Issue: not receiving OTP to login Tried: tried on another browser Expected: callback
TK-252614,Chat Frontline,0,Other,N,"paid on 06-04-2026, still waiting for something to show up. please call me on my registered number"
TK-252620,Email Frontline,0,Other,N,i moved houses yesterday and the order is going to the old flat - vr890360 - i want a replacement
TK-252621,Chat Frontline,0,Other,N,"helo ordered the wrong colour, don't ship it strata 3 ??"
TK-252625,Email Frontline,0,Product Enquiry,Y,I am losing patience. I bought my Arc on April 04. is my Arc compatible with my TV. Refund. Now.
TK-252652,Email Frontline,0,Other,N,"Product: pulse 2 buds Purchased: 11-04-2026 Issue: ordered the wrong colour, don't ship it Tried: tried cacnel button, greyed out Expected: refund"
TK-252653,Chat Frontline,0,Delivery & Shipping,Y,"To the Vireo Customer Care Team,  I am writing with reference to my order of the Nexa 2 placed on 13-04-2026.  Typo in the flat number, courier will never find it. I have tried editing in app. I reque"
TK-252657,Chat Frontline,0,Delivery & Shipping,Y,"hi order not delivered, tracking not updating anyone there"
TK-252659,Email Frontline,0,Other,N,"Hello, Bought Pulse earbuds around December 27 from Flipkart. The app closes itself the moment I tap on my device. I updated phone. Nothing changed. How do I get this fixed? Thank you"
TK-252662,Chat Frontline,0,Connectivity,Y,can I connect two pulse 1 together VR891924
TK-252667,Chat Frontline,0,Billing & Payments,Y,hii need gst invoice for my order the pulse buds vr895606 hello??
TK-252672,Email Frontline,0,Other,N,helo cancel order  airlite
TK-252674,Chat Frontline,0,Other,N,it has been 5 days and I have nothing in hand.  VR888451. how do i get this fixed?
TK-252676,Email Frontline,0,Delivery & Shipping,Y,"This is veyr disappointing. Bought Pulse2 around 10 Apr fom vireo.in. typo in the flat number, courier will never find it. I already tried editing in app. Fix this or I am psoting on twitter."
TK-252678,Chat Frontline,1,Other,N,"honestly regretting this purchase. this is regarding my arc. please cancel, ordered by mistake. i already tried cancel button, greyed out. i want a replacement or refund, nothing else"
TK-252692,Email Frontline,0,Other,N,"hi my son ordered this without asking, pls reverse hello??"
TK-252707,Chat Frontline,0,Delivery & Shipping,Y,"Namaste, Bougth the AirLite buds around 10 Apr frrom Amazon. My ordre has not been delivered yet. I checked the tracking page daily. Nothing changed. Can someone fix this? Thank you Ramesh"
TK-252723,Chat Frontline,1,Other,N,"I have been a loyal customer and this is how you treat me. Ordered airlite earbuds 3 weeks back. want to cancel my order. I already tried cancel button, greyed out. Fix this or I am posting on twitter"
TK-252744,Chat Frontline,1,Audio Quality,Y,product: pulse 2 buds purchased: 10/03 issue: crackling sound in the left side tried: tried wired mode expected: callback
TK-252761,Email Frontline,0,Other,N,dies by luchtime with light use
TK-252762,Email Frontline,0,Delivery & Shipping,Y,"Hi team, I bought my Pulse 2 on 14-04-2026.  It has been 18 dys and I have nothing in hand. I checked the tracking page daily. Nothing changed. Need this sorted thiis week. Regards,"
TK-252768,Voice Frontline,0,Other,N,"hi my son ordered this without asking, please revere pulse 2 budds kindly do the needful"
TK-252769,Email Frontline,0,Other,N,"this is very disappointing. ordered my pulse 2 last month. discount was not applied at checkout. i already tried in caps. i want a replacement or refund, nothing else."
TK-252773,Voice Frontline,1,Charging & Battery,Y,"hi my son ordered this without asking, please reverse the charging case i ordered pls reply"
TK-252774,Voice Frontline,0,Other,N,"I have to charge it twice a day now, it used to last days - pls call me on my registered number"
TK-252777,Chat Frontline,0,Other,N,"Product: my Pulse 2 Order: VR891521 Purchased: April 12 Issue: want to cancel my orer Tried: tried cancel button, greyed out Expected: callback"
TK-252799,Voice Frontline,0,Charging & Battery,Y,[IVR transcript] not acceptable at this price.  i bought pulse 1 on 21/10. the left earbud is not charging at all. i already cleaned the contacts with a cloth. escalate this to someone senior.
TK-252804,Chat Frontline,0,Connectivity,Y,hey bluetooth keeps cutting out the airlite buds
TK-252809,Chat Frontline,0,Delivery & Shipping,Y,"dear sir/madam,  i am writing with reference to my order of my nexa (vr901810) placed on april 09. change of mind, please stop the shipment. i have tried cancel button, greyed out. i request you to pr"
TK-252817,Chat Frontline,0,Other,N,"I bought the Nexa 2 on 23 May. Please cancel, ordered by mistake. I tried cancel button, greyed out. Please call me on my registered number. Thanks & regards, Sai"
TK-252822,Chat Frontline,0,Warranty & Repair,Y,"Honestly regretting this purchase. Got the Pulse buds from Amazon a month ago. claim number RMA87694, anyone alive there?. I already called service centre. Refund. Now."
TK-252824,Email Frontline,0,Delivery & Shipping,Y,"Hi there, This is regarding orbit mini. It has been 14 days and I have nothing in hand. I called the courier. Please advise"
TK-252844,Chat Frontline,1,Other,N,This is very disappointing. Order VR880841 (my Nexa Fit band). payment went through but I got no order id. I already checked bank statement. This is the last time I buy from you.
TK-252852,Chat Frontline,0,Delivery & Shipping,Y,"Not acceptable at this price. Ordered the Nexa 2 in April. typo in the flat number, courier will never find it. I already tried editing in app. This is the last time I buy from u"
TK-252869,Chat Frontline,0,Audio Quality,Y,this is vey disappointing. i bought the pulse 2 earbuds on 14-12-2025. crackling sound in the right side. i already tried different apps. refund. now.
TK-252873,Chat Frontline,0,Other,N,"Product: the Pulse buds Order: VR904015 Purchased: 16-04-2026 Issue: ordered the wrong colour, don't shpi it Tried: tried cancel button, greyed out Expected: resolution"
TK-252874,Email Frontline,0,Other,N,hi sir i moved houses yesterday & the order is going to the old flat around Diwali se help
TK-252883,Chat Frontline,0,Other,N,"To the Vireo Customer Care Team,  I am writing w/ reference to my order of Nexa 2 placed on 13-04-2026. Will this survive a shower. I request u to process a refund to my original payment method.  Your"
TK-252898,Chat Frontline,0,Connectivity,Y,two entries of Rs 4999 on my statement for one pair of earbuds
TK-252900,Email Frontline,0,Delivery & Shipping,Y,"really frustrating. this is regarding my nexa 2 watch. change of mind, please stop the shipment. i already tried cancel button, greyed out. escalate this to someone senior."
TK-252911,Chat Frontline,0,Delivery & Shipping,Y,"Dear Sir/Madam, I bought AirLite on 07 Mar. Order status stuck on shipped since 07 Mar. I CHECKED THE TRACKING PAGE DAILY. What do I do now? Awaiting response"
TK-252921,Email Frontline,0,Other,N,Product: Pulse2 Purchased: 16 Apr Issue: payment went through but I got no order id Tried: checked bank statement Expected: fix
TK-252935,Email Frontline,0,Delivery & Shipping,Y,update my shipping address
TK-252947,Chat Frontline,0,Other,N,"Nexa 2 purchased in April, order VR904500. Please cancel, ordered by mistake. I tried cancel button, greyed out. I want a replacement."
TK-252955,Voice Frontline,0,Other,N,"hello ji paid on 16/04, still waiting for something to show up pulse earbuds vr895606"
TK-252969,Email Frontline,0,Other,N,bought my strata 2 headphones around 14/04 fom amazon. order status stuck on shipped since 14/04. i checked with neighbours. nothing changed. can someone fix this? rgds
TK-252974,Chat Frontline,0,Other,N,entered wrong pincode
TK-252975,Chat Frontline,0,Other,N,"my dad has an old Nokia, will the watch app run, how do i get this fixed?"
TK-252983,Chat Frontline,0,Other,N,hello payment was deducted but no order was created orbit mini pls reply
TK-252985,Chat Frontline,0,Other,N,Honestly regretting this purchase. Got Pulse earbudds from Amazon a month ago. my bank says Rs 2499 went to you but yoru site says I have no orders. I already tried logigng out and in. Escalate this t
TK-252997,Chat Frontline,1,Other,N,"Product: Nexa 2 Order: VR890834 Purchased: 26/06 Issue: ordered teh wrong colour, don't ship it Tried: tried cancel button, greyed out Expected: callback"
TK-253004,Chat Frontline,0,Other,N,"Hello, Got spare case from vireo.in 2 weeks ago. Ordered the wrong colour, don't sip it. I tried cancel button, greyed out. Nothing changed. Need this sorted this week."
TK-253007,Voice Frontline,0,Delivery & Shipping,Y,package not delivered even after 15 days. pls call me on my registered number
TK-253008,Chat Frontline,0,Delivery & Shipping,Y,"Helol Vireo, Bought Orbit Mnii around April 28 from Flipkart. Update my shipping address. Please help. Thanks & regards,"
TK-253012,Chat Frontline,0,Connectivity,Y,hey can i connect two my strata 3 headphones together
TK-253013,Chat Frontline,0,Other,N,need GST ivoice for my order VR902727
TK-253014,Chat Frontline,0,Other,N,"hii pls cancel, ordered by mistake kindly do the needful"
TK-253021,Chat Frontline,0,Delivery & Shipping,Y,"to the vireo customer care team,  i am writing with reference to my order of my pulse 2 placed on 24/04. change of mind, please stop the shipment. i have tried cancel button, greyed out. i request you"
TK-253031,Chat Frontline,0,Other,N,"hi, got strata 3 from flipkart recently. money debited but order not showing. i checked bank statement. how do i get this fixed? thank you,"
TK-253047,Chat Frontline,0,Connectivity,Y,"this is very disappointing. got nexa fit from vireo.in in may. cannot paair nexxa fit with my laptop. i already forgot the device and tried again. i want a replacement or refund, nothing else."
TK-253048,Voice Frontline,0,Other,N,"Hi team, Ordered the Pulse buds around Diwali. Payment was deducted but no order was created. I waited 24 hours. Kindly look into it. Thanks,"
TK-253054,Chat Frontline,0,Other,N,"Very poor quality.  Ordered my Nexa Fit band recently. cancel order. I already tried cancel button, greyed out. This is the last time I buy from you"
TK-253060,Chat Frontline,0,Warranty & Repair,Y,product: pulse 2 order: vr880190 purchased: 14 jan issue: what is the status of my warranty claim tried: called service centre expected: fix
TK-253068,Chat Frontline,0,Delivery & Shipping,Y,"Dear Sir/Madam,  I am writing with reference to my order of Nexa 2 (VR897203) placed on April 21.  Change of mind, please stoop the shipment. I have tried cancel button, greyed out. I request you to l"
TK-253070,Chat Frontline,0,Connectivity,Y,Very poor quality.  Ordered Nexa watch last week. bluetooth pairing fails every time. I already forgot the device and tried again. Escalate thiis to someone senior.
TK-253102,Email Frontline,0,Other,N,hi sir discount was not applied at checkout last week se my pulse 2 anyone there
TK-253108,Voice Frontline,0,Delivery & Shipping,Y,[IVR transcript] hey update my shipping address anyone there
TK-253110,Email Frontline,0,Billing & Payments,Y,"product: the nexa 2 order: vr885041 purchased: 20-04-2026 issue: paid via upi, amount deducted, no order confirmation tried: tried logging out and in expected: replacement"
TK-253116,Chat Frontline,0,Connectivity,Y,keeps losing my phone if I walk to the other room
TK-253123,Email Frontline,0,Other,N,Really frustrating. Got airlite earbuds from vireo.in 10 days ago. it goes silent for a second every few minutes & comes back. I already turned off wifi. Refund. Now.
TK-253125,Email Frontline,0,Other,N,"ordered the wrong colour, don't ship it"
TK-253144,Voice Frontline,2,Other,N,hii cancel order vr888729 spare case hello??
TK-253155,Email Frontline,1,Other,N,"to the vireo customer caer team,  i am writing with reference to my order of pulse2 (vr880115) placed on march 09.  app shows the left at 0 percent no matter how long its in the case. i have reset the"
TK-253157,Email Frontline,0,Other,N,product: pulse 2 buds order: vr893334 purchased: 29 apr issue: i moved houses yesetrday and the order is going to the old flat tried: tried editing in app expected: callback
TK-253182,Voice Frontline,0,Connectivity,Y,[IVR transcript] hello ji connectioon drops constantly itna paisa diya hai my pulse 2 hello??
TK-253190,Chat Frontline,1,Other,N,"Ordered Pulse earbuds in April. Goes from full to empty during one commute. I fully charged & discharged twice. Can someone fix this? Thanks in advance, Dev"
TK-253200,Voice Frontline,0,Other,N,"[IVR transcript] Hi there, This is regarding airlite earbuds.  Entered wrong pincode. Waiting for your reply. Awaiting response,"
TK-253201,Chat Frontline,0,Billing & Payments,Y,"Pathetic experience honestly. braided cable purchased last month, order VR884602. I was charged twice for one order. I already waited a week. This is the last time I buy frmo you"
TK-253216,Voice Frontline,0,Delivery & Shipping,Y,"[IVR transcript] Namaste, Bought my Pulse 2 around 22-04-2026 from vireo.in. Need to change delivery address. I tried editing in app. Waiting for your reply."
TK-253233,Chat Frontline,0,Other,N,want to cancel my ordr
TK-253234,Chat Frontline,0,Other,N,"dear sir/madam,  i am writing w/ reference to my order of the airlite buds placed on 27-04-2026. please cancel, ordered by mistake. i have tried cancel button, greyed out. i request you to kindly arra"
TK-253240,Email Frontline,0,Other,N,hii teh sound stutters whenever my phone is in my pocket
TK-253243,Email Frontline,0,Other,N,"team, it goes silent for a second every few minutes and comes back itna paisa diya hai pls reply"
TK-253254,Chat Frontline,0,Other,N,"hii ordered the wrong colour, don't ship it hello??"
TK-253260,Voice Frontline,0,Delivery & Shipping,Y,"[IVR transcript] Hi there, Ordered Strata 3 a month ago.  The courier marked it delivered but nobody in my house got anything. I called the courier. Nothing changed. Please reoslve asap. Thank you, Sd"
TK-253275,Chat Frontline,0,Other,N,"the AirLite buds purchased last week, order VR895850.  I moved houses yesterday and the order is going to the old flat. I tried editing in app. Need this sorted this week. Please revert Pranav"
TK-253285,Voice Frontline,0,Connectivity,Y,[IVR transcript] sir ji not pairing with my phone bahut pareshan hu pulse 2 VR901492 urgent
TK-253297,Chat Frontline,0,Delivery & Shipping,Y,"Hello, Tis is regarding USB-C cable.  Change of mind, please stpo the shipment. I tried cancel button, greyed out. Waiting for your reply."
TK-253315,Email Frontline,0,Delivery & Shipping,Y,"hello, i bought nexa fit on 07-05-2026. change of mind, plesae stop the shipment. i tried cancel button, greyeed out. waiting for your reply."
TK-253319,Chat Frontline,0,Product Enquiry,Y,"Hey, Bought orbit mini around 13/05 from Amazon. Before I buy - will this talk to a 2019 Samsung. How do I get this fixed? Awaiting response"
TK-253326,Chat Frontline,0,Delivery & Shipping,Y,"ordr not delivered, tracking not updating, VR905083, need thhis sorted this week"
TK-253327,Chat Frontline,0,Other,N,hii card charged two times
TK-253335,Chat Frontline,1,Other,N,very poor quality. i bought my pulse on september 25. a hiss that wasn't there when i bought it. i already tried wired mode. refund. now.
TK-253349,Chat Frontline,0,Connectivity,Y,bhai cannot pair pulse 2 with my laptop pulse 2
TK-253351,Chat Frontline,1,Other,N,cancel ordeer - i waant a replacement
TK-253360,Chat Frontline,0,Connectivity,Y,"hi there, order vr895606 (the pulse buds).  audio keeps disconnecting every few minutes. please help. thank you, kavya kapoor"
TK-253362,Email Frontline,0,Delivery & Shipping,Y,"Pathetic experience honestly. Order VR889377 (the AirLite buds). order not delivered, tracking not updating. I already called the courier. I want a replacement or refund, nothing else"
TK-253365,Chat Frontline,0,Audio Quality,Y,static noise when playing music - vr897103
TK-253380,Chat Frontline,0,Billing & Payments,Y,double payment deducted.  vr906348
TK-253390,Chat Frontline,0,Other,N,"product: nexa fit purchased: 07/05 issue: cancel order  tried: tried cancel button, greyed out expected: resolution"
TK-253393,Chat Frontline,1,Delivery & Shipping,Y,"Dear Sir/Madam,  I am writing with reference to my order of the AirLite buds (VR882398) placed on 11/05. Order not delivered, tracking not updating. I have called the courier. I REQUEST YOU TO PROCESS"
TK-253411,Chat Frontline,0,Other,N,call me
TK-253414,Email Frontline,0,Delivery & Shipping,Y,"to the vireo custmer care team,  i am writing with reference to my order of the pulse 2 earbuds placed on 04/05. the courier marked it delivered but nobody in my house got anything. i have checked wit"
TK-253415,Chat Frontline,0,Other,N,"TO THE VIREO CUSTOMER CARE TEAM,  I AM WRITING W/ REFERENCE TO MY ORDER OF THE PULSE 2 EARBUDS PLAECD ON MAY 11.  Cancel order. I have tried cancel button, greyed out. I request you to process a refun"
TK-253419,Email Frontline,0,Other,N,"hi sir ordered the wrong colour, don't ship it kuch karo pulse2 help"
TK-253429,Chat Frontline,0,Other,N,This is very disappointing.  This is regarding the fit band. payment was deducted but no order was created. I already checked bank statement. Escalate this to someone senior.
TK-253462,Email Frontline,0,Delivery & Shipping,Y,"Hi there, Order VR882526 (my Nexa 2 watch). Need to change delivery address. I tried editing in app. Nothing changed. How do I get tihs fixed? Rgds"
TK-253468,Email Frontline,0,Billing & Payments,Y,I bought the Pulse 2 earbuds on 10/05. Ned GST invoice for my order. I tried different browser. Please help. Thanks
TK-253491,Chat Frontline,0,Other,N,"Hi Vireo support, Order VR895894 (the Orbit smart speaker). My bank shows the same amount twice on the same day. I checked with bank. I want a replacement. Regards Komal Srivastava"
TK-253498,Voice Frontline,0,Audio Quality,Y,"[IVR transcript] dear team, got the pulse 2 earbuds from flipkart last month. static noise when playing music. i changed eq. nothing changed. can someone fix this? plase revert, varun"
TK-253515,Chat Frontline,0,Other,N,bhai entered wrong pincode abhi tak kuch nahi hua the airlite buds VR905893 pls reply
TK-253522,Chat Frontline,0,Other,N,need to chage delivery adress VR909734 can someone fix this?
TK-253538,Chat Frontline,1,Audio Quality,Y,hey distorted audio at high volume anyone there
TK-253544,Chat Frontline,0,Billing & Payments,Y,invoice not downloading.  VR894259. waiting for your reply
TK-253561,Chat Frontline,0,Billing & Payments,Y,product: nexa fit purchased: 29-08-2025 issue: coupon code not working tried: tried in caps expected: replacement
TK-253563,Voice Frontline,0,Other,N,[IVR transcript] helllo ji discount was not appplied at checkout please hlep karo hello??
TK-253570,Chat Frontline,0,App & Firmware,Y,i am losing patience. this is regarding the nexa 2. app crashes when i open device settings. i already cleared cache. fix this or i am posting on twitter.
TK-253584,Chat Frontline,0,Warranty & Repair,Y,what is the status of my warranty claim VR894665 need thiis sorted this week
TK-253587,Chat Frontline,0,Other,N,helo want to cancel my order nexa fit kindly do the needful
TK-253596,Chat Frontline,1,Other,N,hello i moved houses yesterday & the order is going to the old flat urgent
TK-253602,Chat Frontline,0,Delivery & Shipping,Y,I haven't received my order plesae help
TK-253615,Chat Frontline,0,Other,N,"my company accounts team is asking for the tax bill, vr884380, kindly look into it"
TK-253616,Chat Frontline,0,Other,N,helo cancel order vr893849
TK-253627,Chat Frontline,0,Charging & Battery,Y,Not what I expected from Vireo.  Got my Strata 3 headphones from vireo.in last month. battery draining even when not in use. I already updated the app. This is the last time I buy from you.
TK-253635,Chat Frontline,0,Product Enquiry,Y,Product: my Nexa 2 watch Order: VR900439 Purchased: 10/07 Issue: before I buy - will this talk to a 2019 Samsung Expected: refund
TK-253656,Chat Frontline,0,Other,N,"Got my Pulse 2 from Amazon 10 days ago. My son ordered this without asking, pls reverse. I tried cancel button, greyed out. Please resolve asap. Awaiting response, Ramesh Srivastava"
TK-253658,Email Frontline,1,Other,N,"PRODUCT: AIRLITE EARBUDS ORDER: VR882398 PURCHASED: 11 MAY ISSUE: PLEASE CANCEL, ORDERED BY MISTAKE TRIED: TRIED CANCEL BUTTON, GREYED OUT EXPECTED: REPLACEMENT"
TK-253659,Email Frontline,0,Connectivity,Y,"Dear Sir/Madam,  I am writing with reference to my order of Orbit speaker placed on 13 Dec. Connection drops constantly. I have kept pone in hand. I request u to look into this matter at the earliest."
TK-253668,Email Frontline,0,Other,N,"Dear Sir/Madam, I bought pulse 2 buds on 10-05-2026. Card charged two times. I waited a week. Nothing changed. Can someone fix this? Thanks in advance Pranav"
TK-253675,Chat Frontline,0,Other,N,"Hi, Got Pulse 2 from vireo.in 2 weeks ago. I moved houses yesterday and the order is going to the old flat. Need this sorted this week."
TK-253684,Email Frontline,0,Warranty & Repair,Y,"Dear Sir/Madam, Bought pulse 1 aroud April 01 from vireo.in. No update on my repair. I emailed twice. Nothing changed. Please resolve asap. Thanks & regards Komal"
TK-253710,Email Frontline,0,Other,N,cancel order 
TK-253718,Chat Frontline,0,Delivery & Shipping,Y,"hii order not delivered, tracking not updating the pulse buds"
TK-253732,Chat Frontline,0,Other,N,i have been a loyal customer and this is how you treat me.  ordered pulse 2 buds in april. i moved houses yesterday and the order is going to the old flat. i already tried editing in app. refund. now.
TK-253743,Chat Frontline,0,Delivery & Shipping,Y,"Dear Sir/Madam, I bought my Nexa Fit band on May 17. Package not delivered even after 6 days. I chekced with neighbours. Kindly look into it. Rgds, Jaspreet Varghese"
TK-253749,Email Frontline,0,Other,N,Product: airlite earbuds Order: VR900372 Purchased: 30/03 Issue: sounds like a badly tuned radio now Tried: tried wired mode Expected: fix
TK-253759,Voice Frontline,1,Product Enquiry,Y,[IVR transcript] Not acceptable at this price. Order VR889202 (teh strata 3). is the strata 3 compatible with my TV. Escaltae this to somenoe senior.
TK-253771,Chat Frontline,1,Connectivity,Y,it connects for a secoond and thne vanishes from the device list - VR897547 - i want my money baack
TK-253774,Chat Frontline,0,Other,N,my odrer has not been delivered yet vr910487
TK-253784,Chat Frontline,0,Delivery & Shipping,Y,"dear sir/madam,  i am writing with reference to my order of strata 2 (vr881113) placed on may 15. package not delivered even after 11 days. i have chekced the tracking page daily. i reqeust you to loo"
TK-253794,Chat Frontline,0,Delivery & Shipping,Y,hello package not delivered even after 5 days help
TK-253807,Chat Frontline,0,Warranty & Repair,Y,Really frustrating. Ordered my Strata 2 headphnoes a month ago. no update on my repair. I already called service centre. Refund. Now.
TK-253820,Chat Frontline,0,Other,N,"got the mini speaker from vireo.in around diwali. my order has not been delivered yet. waiting for your reply. thanks & regards,"
TK-253828,Chat Frontline,0,Other,N,"Hey, Got Pulse2 from vireo.in 2 weeks ago. Entered wrong pincode. I tried editing in app. Nothing changed. Please advise."
TK-253829,Chat Frontline,0,Connectivity,Y,HI NOT PAIRING WITH MY PHONE THE MINI SPEAKER VR902199
TK-253831,Email Frontline,0,App & Firmware,Y,hi the viro app keeps crashing
TK-253859,Email Frontline,0,Other,N,caancel order  can someone fix this?
TK-253862,Voice Frontline,0,Charging & Battery,Y,"Hi, Bought Strata 3 around 09/04 from vireo.in. Battery life has dropped to almost nothing. I fully charged & discharged twice. Nothing changed. Need this sorted this week."
TK-253864,Email Frontline,0,Other,N,hey the sound stutters whenever my phone is in my pocket pulse 2 buds VR881230
TK-253868,Chat Frontline,0,Delivery & Shipping,Y,"This is very disappointing. Bought the Pulse buds around 17-05-2026 from Flipkart. I haven't received my order. I already checked the tracking page daily. I want a replacement or refund, nothing else."
TK-253897,Chat Frontline,0,Delivery & Shipping,Y,"DEAR TEAM, BOUGHT MY PULSE AROUND 19 MAY FROM VIREO.IN. I haven't received my order. Can someone fix this? Thanks Dev"
TK-253908,Voice Frontline,0,Other,N,[IVR transcript] hey your ad said 20% off and the cart says full price
TK-253926,Chat Frontline,1,Delivery & Shipping,Y,"Bought Pulse earbuds around May 23 from Amazon.  I haven't received my order. I called the courier. Honestly regretting this purchase. Please help. Awaiting response, Rajat Pillai"
TK-253938,Email Frontline,0,Other,N,"Dear Sir/Madam,  I am wriitng with reference to my order of the neckband (VR893626) placed on May 30. Need the bill with my firm's GTSIN on it. I have tred different browser. I request you to look int"
TK-253945,Chat Frontline,1,Returns & Refunds,Y,"Hey, Bought the Pulse 2 earbuds around 23-05-2026 from vireo.in. Card charged two times. I waited a week. Nothing changed. I want my money back."
TK-253957,Chat Frontline,0,Other,N,"Really frustrating. Order VR908662 (the fit band). your site keeps saying it sent me a code and my phone disagrees. I already tried 5 times. I want a replacement or refund, nothing else."
TK-253970,Email Frontline,0,Other,N,"cancel order, please call me on my registered number"
TK-253979,Email Frontline,0,Delivery & Shipping,Y,"hii change of mind, pleaase stop the shipment your charger VR892560"
TK-253980,Voice Frontline,0,Billing & Payments,Y,"hi there, order vr900705 (the orbit smart speaker). the invoice pdf link gives a 404. i checked orders page. nothing changed. waiting for your reply. tanks & regards, imran"
TK-253982,Email Frontline,0,Connectivity,Y,"dear team, i bought the pulse buds on 09-04-2026. random disconnects during calls. i kept phone in hand. nothing changed. please advise. rgds, priya"
TK-253995,Email Frontline,0,Other,N,"Hey, Ordered the neckband last month. People caannot hear me on calls. I tried different apps. Nothing changed. Tis is very disappointing. Please advise. Thanks Zaid"
TK-254041,Email Frontline,1,Other,N,helo the festive offer vanished when i clicked pay anyone there
TK-254052,Email Frontline,0,Other,N,Order VR888209 (spare case). Will this survive a shower. Please help.
TK-254061,Chat Frontline,0,Warranty & Repair,Y,"Product: Orbit Mini Order: VR891970 Purchased: 14/03 Issue: claim number RMA50466, anyone alive there? Tried: called service centre Expected: resolution"
TK-254071,Chat Frontline,0,Billing & Payments,Y,"I have been a loyal customer and this is how you treat me.  This is regarding pulse 2 buds. paid via UPI, amount deducted, no order confirmation. I already waited 24 hours. Refund. Now."
TK-254073,Chat Frontline,0,Returns & Refunds,Y,"namaste, ordered my arc 3 weeks back.  i have to charge it twice a day now, it used to last days. i turned off always-on display. i want my money back. rgds rahul banerjee"
TK-254084,Chat Frontline,0,Delivery & Shipping,Y,"hi, got pulse 2 buds from amazon recently. update my shipping address. i tried editing in app. nothing changed. how do i get this fixed? regards, dev kumar"
TK-254087,Chat Frontline,0,Delivery & Shipping,Y,"Dear Sir/Madam, This is regarding Pulse 2. Typo in the flat number, courier will never find it. Please help. Awiating response, Imran Bhatia"
TK-254088,Chat Frontline,0,Warranty & Repair,Y,"Dear Sir/Madam,  I am writing with reference to my order of Pulse 2 (VR897898) placed on June 05. Cancel ordr VR897898. I have tried cancel button, greyed out. I request you to provide a resolution wi"
TK-254101,Chat Frontline,0,Delivery & Shipping,Y,"I bought Nexa 2 on 28/05. Order not delivered, tracking not updating. How do I get this fixed?"
TK-254105,Chat Frontline,0,Other,N,"Hi there, my Pulse 2 purchased in June, order VR885681.  Update my shippng adress. Please call me on my registered number"
TK-254121,Chat Frontline,0,Other,N,hello ji i sent the unit in 7 days ago and have heard nothing 10 days ago se my pulse 2 vr886651
TK-254127,Email Frontline,0,Other,N,"This is regarding pulse 2 buds.  Everyone on my calls says I sound like I'm underwater. Please resolve asap. Thanks & regards, Vivaan"
TK-254133,Chat Frontline,0,Other,N,"I am losing patience. Bought Nexa 2 around 31-05-2026 from Amazon. want to canel my order. I already tried canecl button, greyed out. Escalate this to someone senior."
TK-254141,Chat Frontline,0,Billing & Payments,Y,"sir ji paid via upi, amount deducted, no order confirmation kuch karo orbit mini anyone there"
TK-254142,Chat Frontline,0,Other,N,really frustrating. got my nexa 2 watch from amazon 2 weeks ago. screen is unresponsive. i already ceaned screen. refund. now.
TK-254146,Email Frontline,0,Delivery & Shipping,Y,"Pathetic experience honestly. This is regarding Strata 2. order not delivered, tracking not updating. I already called the courier. This is the last time I buy from you."
TK-254152,Voice Frontline,0,Other,N,[IVR transcript] hii everyone on my calls says i sound like i'm underwater my pulse 2 vr900105 pls reply
TK-254162,Voice Frontline,0,Other,N,[IVR transcript] can I conncet two the Pulse 2 earbuds together - what do i do now?
TK-254166,Voice Frontline,1,Other,N,honestly regrettinng this purchase.  bought airlite around june 01 from vireo.in. the festive offer vansihed wehn i clicked pay. i already tried on app & website. this is the last time i buy from you.
TK-254168,Chat Frontline,0,Delivery & Shipping,Y,Product: my Nexa Purchased: 05 Jun Issue: update my shipping address Tried: tried editing in app Expected: callback
TK-254170,Email Frontline,1,Other,N,i sent the unit in 14 days ago and have heard nothing vr900894
TK-254172,Chat Frontline,0,Connectivity,Y,keeps losing my phone if I walk to the other room
TK-254224,Chat Frontline,0,Other,N,helo payment was deducted but no order was crated urgent
TK-254225,Email Frontline,0,Other,N,hii cancel oder  the nexa 2 urgent
TK-254231,Email Frontline,0,Billing & Payments,Y,"Dear Sir/Madam, I bought Pulse earbuds on June 02.  Double payment deducted. I waited a week. Please resolve asap. Thanks, Yash Gaikwad"
TK-254244,Chat Frontline,0,Other,N,Product: spare case Order: VR890379 Purchased: May 28 Issue: does spare case work with iPhone Expected: resolution
TK-254249,Chat Frontline,0,Other,N,Product: the GaN charger Order: VR891926 Purchased: 04-06-2026 Issue: I moved houses yesterday and the order is going to the old flat Tried: tried editing in app Expected: fix
TK-254252,Email Frontline,0,Product Enquiry,Y,"To the Vireo Customer Care Team,  I am writing with reference to my order of pulse 2 buds placed on 07-06-2026. Is pulse 2 buds compatible with my TV. I request you to provide a resolution within 3 wo"
TK-254255,Chat Frontline,1,Charging & Battery,Y,battery draining even when not in use - how do i get this fixed?
TK-254261,Voice Frontline,0,Other,N,"[IVR transcript] hey my dad has an old nokia, will the watch app run nexa fit VR903774"
TK-254267,Chat Frontline,0,Other,N,"ordered the wrong colour, don't ship it.  i want a replacement"
TK-254268,Chat Frontline,0,Other,N,"hello vireo, ordered my pulse 3 weeks back. goes from full to empty during one commute. i fully charged and discharged twice. nothing changed. kindly look into it. regards"
TK-254276,Email Frontline,1,Warranty & Repair,Y,"Dear Sir/Madam,  I am writing with reference to my order of Pulse2 (VR897898) placed on 05 Jun. Paid on 05 Jun, still waiting for something to show up. I have checked with neighbours. I request you to"
TK-254281,Email Frontline,0,Other,N,hi want to cancel my order ??
TK-254284,Email Frontline,0,Audio Quality,Y,crackling sound in the right sied
TK-254298,Email Frontline,0,Other,N,This is very disappointing. I bought pulse 1 on 14/06. I moved houses yesterday and the order is going to the old flat. I already tried editing in app. This is the last time I buy from you.
TK-254307,Voice Frontline,0,Delivery & Shipping,Y,"[IVR transcript] hi typo in the flat number, courier will never find it"
TK-254313,Chat Frontline,0,App & Firmware,Y,HEY APP NOT OPENING AFTER UPDATE
TK-254332,Email Frontline,0,Other,N,"to the vireo customer caer team,  i am writing wiht reference to my order of the orbit smart speaker (vr891311) placed on 20-06-2026. can i cnnect two the orbit smaart speakker together. i request you"
TK-254334,Chat Frontline,0,Billing & Payments,Y,I bought the Orbit smart speaker on 10 Jul.  The page failed after I paid and now nothing shows in my account. Please advise. Regards Pooja
TK-254335,Chat Frontline,0,Other,N,"Hello, Got spare case from vireo.in last week. Want to cancel my order. I tried cancel button, greyed out. Nothing changed. Ned this sorted this week. Awaiting response Aarv Mukherjee"
TK-254364,Voice Frontline,0,Other,N,helo it has been 18 days and i have nothing in hand
TK-254389,Email Frontline,0,Delivery & Shipping,Y,Not what I expected from Vireo. Ordered the Nexa 2 a month ago. I haven't received my order. I already chhecked with neighbours. Escalate this to someone senior.
TK-254393,Email Frontline,0,Delivery & Shipping,Y,"product: pulse 2 order: vr892062 purchased: 11 jun issue: order not delivered, tracking not updating tried: checked with neighbours expected: fix"
TK-254410,Chat Frontline,0,Connectivity,Y,product: my nexa 2 watch purchased: 18 apr issue: the pairing light blinks but nothing ever shows up on my pixel tried: restarted the phone expected: resolution
TK-254414,Chat Frontline,0,Other,N,"I am losing patience.  Got my Nexa Fit band frm vireo.in last week. ordered teh wrong colour, don't ship it. I already tried cancel button, greyed out. Refund. Now."
TK-254426,Chat Frontline,0,Delivery & Shipping,Y,I have been a loyal customer and this is how you treat me. This is regarding pulse 2 buds. need to change delivery address. I already tried editing in app. Fix this or I am posting on twitter
TK-254436,Chat Frontline,0,Returns & Refunds,Y,"Got the Nexa 2 from vireo.in recently. Want to cancel my order. I tried cancel button, greyed out. Nothing changed. I want my money back. Awaiting response,"
TK-254443,Chat Frontline,0,Other,N,product: nexa fit purchased: june 18 issue: i moved houses yesterday and the order is going to the old flat tried: tried editing in app expected: replacement
TK-254452,Chat Frontline,0,Charging & Battery,Y,hello battery backup is terrible now my pulse 2 anyone there
TK-254454,Chat Frontline,0,Other,N,"Dear Sir/Madam, my Pulse 2 purchaed last week, order VR885553. The left one stopped charging since last week. I cleaned the contacts w/ a cloth. Waiting for ur reply. Thanks in advance, Zaid"
TK-254463,Chat Frontline,1,Other,N,I have been a loyal customer and this is how you treat me.  This is regarding teh mini speaker. enteered wronng pincode. I already triied editing in app. Escalate this to someone senior
TK-254470,Chat Frontline,0,Other,N,"hey, i bought the strata 3 on 09/06. please cancel, ordered by mistake. i tried cancel button, greyed out. please call me on my registered number. thanks & regards, aditya tiwari"
TK-254490,Chat Frontline,0,Billing & Payments,Y,please share invoice with gst number
TK-254494,Chat Frontline,0,Other,N,helo i moved houses yesterday and the order is going to the old flat your charger anyone there
TK-254497,Chat Frontline,0,Other,N,"helo vireo, got my pulse from flipkart around diwali.  everyoe on my calls says i sound like i'm underwater. i tried different apps. waiting for your reply."
TK-254498,Voice Frontline,0,App & Firmware,Y,"[IVR transcript] Hey, Got my Pulse 2 from Flipkart a month ago. App not opening after update. Kindly look into it"
TK-254506,Chat Frontline,0,Delivery & Shipping,Y,"CHANGE OF MIND, PLEASE STOP THE SHIPMENT, I WANT A REPLACEMENT"
TK-254551,Voice Frontline,0,Delivery & Shipping,Y,Pathetic experience honestly. This is regarding Nexa 2. I haven't received my order. I already checked w/ neighbours. Escalate this to someone senior
TK-254560,Email Frontline,0,Other,N,hello ji my company accounts team is asking for the tax bill itna paisa diay hai nexa 2
TK-254563,Chat Frontline,2,Warranty & Repair,Y,"hey, i bought the nexa 2 on 24/04.  service centre took it, now silence. what do i do now? regards,"
TK-254581,Email Frontline,0,App & Firmware,Y,"Dear Sir/Madam,  I am writing with reference to my order of my Pulse placed on 27/01. The Vireo app keeps crashing. I have updated phone. I request you to kindly arrange a replacement.  Sincerely, Pra"
TK-254586,Chat Frontline,0,Other,N,"i am losing patience.  i bought the mini speaker on 15/06. cancel order. i already tried cancel button, greyed out. i want a replacement or refund, nothing else"
TK-254587,Voice Frontline,1,Billing & Payments,Y,"Hello Vireo, pulse 1 purchased around Diwali, order VR895975. The invoice PDF link gives a 404. I tried different browser. Please advise. Thanks & regards"
TK-254589,Email Frontline,0,Other,N,"Hello Vireo, This is regarding the Pulse 2 earbuds. The left one stopped charging since 2 weeks ago. I did the reset from the manual. What do I do now? Thanks in advance Zoya Mehta"
TK-254610,Email Frontline,0,Delivery & Shipping,Y,"I am losing patience. This is regarding AirLite. paid on 21-06-2026, still waiting for something to show up. I already checked the tracking page daily. I want a replacement or refund, nothing else"
TK-254613,Email Frontline,1,Delivery & Shipping,Y,Product: airlite earbuds Order: VR880161 Purchased: 18-06-2026 Issue: I haven't received my order Tried: checked with neighbousr Expected: resolution
TK-254615,Voice Frontline,0,Other,N,want to cancel my order i want a replacement
TK-254626,Email Frontline,1,Charging & Battery,Y,helo battery backup is terrible now my nexa fit band
TK-254643,Chat Frontline,0,Other,N,hey my order has not been delievred yet hello??
TK-254645,Chat Frontline,0,Other,N,"To the Vireo Customer Care Team,  I am writing with reference to my order of Strata 2 placed on 27 Jun. Paid once, sattement disagrees. I have waited a week. I requset you to look into this matter at "
TK-254648,Chat Frontline,0,App & Firmware,Y,Got pulse 2 buds from vireo.in around Diwali.  App crashes when I open device settings. Waiting for ur reply. Thanks
TK-254649,Email Frontline,0,Other,N,hii payment was deducted but no ordder was created hello??
TK-254654,Voice Frontline,0,Other,N,"[IVR transcript] Hi, Pulse2 purchased recently, order VR883003.  Sounds like a badly tuned radio now. I tried wired mode. Nothing changed. Need this sorted this week. Thank you, Tenzin"
TK-254675,Email Frontline,1,Billing & Payments,Y,"Dear team, Bought your charger around June 19 from vireo.in. Need GST invoice for my order. I tried different browser. Nothing changed. I am losing patience. I want a replacement. Please revert"
TK-254690,Email Frontline,0,Other,N,"Product: braided cablle Purchased: 17/06 Issue: my son ordered this without asking, please reverse Tried: tried cacnel button, gryeed out Expected: replacement"
